node-1                | Warning: NODE_KEY passed as a CLI arg is not recommended. Use NODE_KEY_FILE env-var instead.
node-1                | 2026-08-24 15:53:02 Midnight Node    
node-1                | 2026-08-24 15:53:02 ✌️  version 2.0.0-d9729c13    
proof-server-1        | [2m2026-08-24T15:53:02.300853Z[0m [32m INFO[0m [2mmidnight_proof_server[0m[2m:[0m Ensuring zswap key material is available...
proof-server-1        | [2m2026-08-24T15:53:02.301482Z[0m [32m INFO[0m [2mmidnight_base_crypto::data_provider[0m[2m:[0m Missing public parameters for k=10. Attempting to download from the host https://srs.midnight.network/ - this is not a trusted service, the data will be verified.
proof-server-1        | [2m2026-08-24T15:53:02.305769Z[0m [32m INFO[0m [2mmidnight_base_crypto::data_provider[0m[2m:[0m Missing public parameters for k=11. Attempting to download from the host https://srs.midnight.network/ - this is not a trusted service, the data will be verified.
proof-server-1        | [2m2026-08-24T15:53:02.307709Z[0m [32m INFO[0m [2mmidnight_base_crypto::data_provider[0m[2m:[0m Missing public parameters for k=12. Attempting to download from the host https://srs.midnight.network/ - this is not a trusted service, the data will be verified.
proof-server-1        | [2m2026-08-24T15:53:02.309758Z[0m [32m INFO[0m [2mmidnight_base_crypto::data_provider[0m[2m:[0m Missing public parameters for k=13. Attempting to download from the host https://srs.midnight.network/ - this is not a trusted service, the data will be verified.
proof-server-1        | [2m2026-08-24T15:53:02.311692Z[0m [32m INFO[0m [2mmidnight_base_crypto::data_provider[0m[2m:[0m Missing public parameters for k=14. Attempting to download from the host https://srs.midnight.network/ - this is not a trusted service, the data will be verified.
proof-server-1        | [2m2026-08-24T15:53:02.313758Z[0m [32m INFO[0m [2mmidnight_base_crypto::data_provider[0m[2m:[0m Missing public parameters for k=15. Attempting to download from the host https://srs.midnight.network/ - this is not a trusted service, the data will be verified.
proof-server-1        | [2m2026-08-24T15:53:02.315794Z[0m [32m INFO[0m [2mmidnight_base_crypto::data_provider[0m[2m:[0m Missing zero-knowledge proving key for Zswap inputs. Attempting to download from the host https://srs.midnight.network/ - this is not a trusted service, the data will be verified.
plain-proof-server-1  | [2m2026-08-24T15:53:02.300914Z[0m [32m INFO[0m [2mmidnight_proof_server[0m[2m:[0m Ensuring zswap key material is available...
plain-proof-server-1  | [2m2026-08-24T15:53:02.301483Z[0m [32m INFO[0m [2mmidnight_base_crypto::data_provider[0m[2m:[0m Missing public parameters for k=10. Attempting to download from the host https://srs.midnight.network/ - this is not a trusted service, the data will be verified.
plain-proof-server-1  | [2m2026-08-24T15:53:02.305603Z[0m [32m INFO[0m [2mmidnight_base_crypto::data_provider[0m[2m:[0m Missing public parameters for k=11. Attempting to download from the host https://srs.midnight.network/ - this is not a trusted service, the data will be verified.
plain-proof-server-1  | [2m2026-08-24T15:53:02.307631Z[0m [32m INFO[0m [2mmidnight_base_crypto::data_provider[0m[2m:[0m Missing public parameters for k=12. Attempting to download from the host https://srs.midnight.network/ - this is not a trusted service, the data will be verified.
plain-proof-server-1  | [2m2026-08-24T15:53:02.309489Z[0m [32m INFO[0m [2mmidnight_base_crypto::data_provider[0m[2m:[0m Missing public parameters for k=13. Attempting to download from the host https://srs.midnight.network/ - this is not a trusted service, the data will be verified.
plain-proof-server-1  | [2m2026-08-24T15:53:02.311493Z[0m [32m INFO[0m [2mmidnight_base_crypto::data_provider[0m[2m:[0m Missing public parameters for k=14. Attempting to download from the host https://srs.midnight.network/ - this is not a trusted service, the data will be verified.
plain-proof-server-1  | [2m2026-08-24T15:53:02.313533Z[0m [32m INFO[0m [2mmidnight_base_crypto::data_provider[0m[2m:[0m Missing public parameters for k=15. Attempting to download from the host https://srs.midnight.network/ - this is not a trusted service, the data will be verified.
plain-proof-server-1  | [2m2026-08-24T15:53:02.315622Z[0m [32m INFO[0m [2mmidnight_base_crypto::data_provider[0m[2m:[0m Missing zero-knowledge proving key for Zswap inputs. Attempting to download from the host https://srs.midnight.network/ - this is not a trusted service, the data will be verified.
plain-proof-server-1  | [2m2026-08-24T15:53:02.317607Z[0m [32m INFO[0m [2mmidnight_base_crypto::data_provider[0m[2m:[0m Missing zero-knowledge proving key for Zswap outputs. Attempting to download from the host https://srs.midnight.network/ - this is not a trusted service, the data will be verified.
plain-proof-server-1  | [2m2026-08-24T15:53:02.319494Z[0m [32m INFO[0m [2mmidnight_base_crypto::data_provider[0m[2m:[0m Missing zero-knowledge proving key for Zswap signing operations. Attempting to download from the host https://srs.midnight.network/ - this is not a trusted service, the data will be verified.
plain-proof-server-1  | [2m2026-08-24T15:53:02.321575Z[0m [32m INFO[0m [2mmidnight_base_crypto::data_provider[0m[2m:[0m Missing zero-knowledge proving key for Dust spends. Attempting to download from the host https://srs.midnight.network/ - this is not a trusted service, the data will be verified.
indexer-1             | {"timestamp":"2026-08-24T15:53:07.990376+00:00","level":"INFO","target":"indexer_standalone","file":"indexer-standalone/src/main.rs","line":86,"message":"starting","kvs":{"application_config":"ApplicationConfig { network_id: NetworkId(\"undeployed\"), blocks_buffer: 10, caught_up_max_distance: 10, caught_up_leeway: 5, gc_bound: 200ms, ledger_state_retention: 1000, active_wallets_query_delay: 500ms, active_wallets_ttl: 1800s, transaction_batch_size: 50, concurrency_limit: 1 }","infra_config":"InfraConfig { run_migrations: true, storage_config: Config { cnn_url: \"/data/indexer.sqlite\" }, ledger_db_config: Config { cache_size: 1024, cnn_url: \"/data/ledger-db.sqlite\" }, node_config: Config { url: \"ws://node:9944\", reconnect_max_delay: 10s, reconnect_max_attempts: 30, subscription_recovery_timeout: 30s }, spo_node_config: SpoNodeConfig { url: \"ws://node:9944\", blockfrost_id: \"local-dev-dummy-not-using-spo\", reconnect_max_delay: 10s, reconnect_max_attempts: 30 }, api_config: Config { address: 0.0.0.0, port: 8088, request_body_limit: 1048576, max_complexity: 200, max_depth: 15, subscription_config: SubscriptionConfig { blocks: BlocksSubscriptionConfig { batch_size: 20 }, contract_actions: ContractActionsSubscriptionConfig { batch_size: 20 }, contract_events: ContractEventsSubscriptionConfig { batch_size: 20 }, dust_generations: DustGenerationsSubscriptionConfig { batch_size: 20, max_snapshot_age: 500 }, dust_ledger_events: DustLedgerEventsSubscriptionConfig { batch_size: 20 }, dust_nullifier_transactions: DustNullifierTransactionsSubscriptionConfig { batch_size: 20 }, progress_cache: ProgressCacheConfig { max_capacity: 10000, time_to_live: 5s }, shielded_nullifier_transactions: ShieldedNullifierTransactionsSubscriptionConfig { batch_size: 20 }, shielded_transactions: ShieldedTransactionsSubscriptionConfig { batch_size: 20, progress_update_interval: 30s, keep_wallet_alive_interval: 60s }, unshielded_transactions: UnshieldedTransactionsSubscriptionConfig { batch_size: 20, progress_update_interval: 30s }, zswap_ledger_events: ZswapLedgerEventsSubscriptionConfig { batch_size: 20 } }, quota_config: QuotaConfig { max_concurrent_per_connection: 20, max_session_subscriptions_per_minute: 10 } }, secret: SecretBox<str>([REDACTED]) }"}}
indexer-1             | {"timestamp":"2026-08-24T15:53:07.991889+00:00","level":"DEBUG","target":"indexer_common::infra::pool::sqlite","file":"indexer-common/src/infra/pool/sqlite.rs","line":38,"message":"created pool","kvs":{"pool":"SqlitePool(Pool { size: 1, num_idle: 1, is_closed: false, options: PoolOptions { max_connections: 1, min_connections: 0, connect_timeout: 30s, max_lifetime: Some(1800s), idle_timeout: Some(600s), test_before_acquire: true } })"}}
indexer-1             | {"timestamp":"2026-08-24T15:53:08.013659+00:00","level":"DEBUG","target":"indexer_common::infra::pool::sqlite","file":"indexer-common/src/infra/pool/sqlite.rs","line":38,"message":"created pool","kvs":{"pool":"SqlitePool(Pool { size: 1, num_idle: 1, is_closed: false, options: PoolOptions { max_connections: 1, min_connections: 0, connect_timeout: 30s, max_lifetime: Some(1800s), idle_timeout: Some(600s), test_before_acquire: true } })"}}
indexer-1             | {"timestamp":"2026-08-24T15:53:08.019552+00:00","level":"INFO","target":"chain_indexer::application","file":"chain-indexer/src/application.rs","line":93,"message":"starting indexing","kvs":{"highest_block_height":"None"}}
indexer-1             | {"timestamp":"2026-08-24T15:53:08.020330+00:00","level":"INFO","target":"chain_indexer::application","file":"chain-indexer/src/application.rs","line":137,"message":"seeded ledger state retention window","kvs":{"seeded":0,"skipped_unrooted":0}}
indexer-1             | {"timestamp":"2026-08-24T15:53:08.020626+00:00","level":"INFO","target":"indexer_api::infra::api","file":"indexer-api/src/infra/api.rs","line":128,"message":"listening to TCP connections","kvs":{"address":"0.0.0.0","port":8088}}
indexer-1             | {"timestamp":"2026-08-24T15:53:08.022398+00:00","level":"DEBUG","target":"chain_indexer::infra::subxt_node","file":"chain-indexer/src/infra/subxt_node.rs","line":298,"message":"subscribing to finalized blocks","kvs":{"after_hash":"None","after_height":"None"},"diags":{"sampled":true,"span_id":"c682557600000003","trace_id":"b35b014b5705cf1003a13260874b5258"}}
plain-proof-server-1  | [2m2026-08-24T15:53:03.798078Z[0m [32m INFO[0m [2mmidnight_base_crypto::data_provider[0m[2m:[0m Fetching public parameters for k=10 - finished.
plain-proof-server-1  | [2m2026-08-24T15:53:03.798086Z[0m [32m INFO[0m [2mmidnight_base_crypto::data_provider[0m[2m:[0m Fetching public parameters for k=10 - verified correct.
plain-proof-server-1  | [2m2026-08-24T15:53:04.079460Z[0m [32m INFO[0m [2mmidnight_base_crypto::data_provider[0m[2m:[0m Fetching public parameters for k=12 - finished.
plain-proof-server-1  | [2m2026-08-24T15:53:04.079469Z[0m [32m INFO[0m [2mmidnight_base_crypto::data_provider[0m[2m:[0m Fetching public parameters for k=12 - verified correct.
plain-proof-server-1  | [2m2026-08-24T15:53:04.244280Z[0m [32m INFO[0m [2mmidnight_base_crypto::data_provider[0m[2m:[0m Fetching public parameters for k=13 - finished.
plain-proof-server-1  | [2m2026-08-24T15:53:04.244289Z[0m [32m INFO[0m [2mmidnight_base_crypto::data_provider[0m[2m:[0m Fetching public parameters for k=13 - verified correct.
indexer-1             | {"timestamp":"2026-08-24T15:53:08.029339+00:00","level":"INFO","target":"chain_indexer::application","file":"chain-indexer/src/application.rs","line":172,"message":"highest finalized block on node","kvs":{"hash":"bbb72bbbb3f32d2f2ffe1194d09c301ae167a804eda089c433cb76a4ac4e6cbb","height":0}}
indexer-1             | {"timestamp":"2026-08-24T15:53:08.072568+00:00","level":"DEBUG","target":"chain_indexer::infra::subxt_node","file":"chain-indexer/src/infra/subxt_node.rs","line":315,"message":"block received","kvs":{"hash":"0xbbb7…6cbb","height":0,"parent_hash":"0x0000…0000"},"diags":{"sampled":true,"span_id":"c682557600000003","trace_id":"b35b014b5705cf1003a13260874b5258"}}
proof-server-1        | [2m2026-08-24T15:53:02.317702Z[0m [32m INFO[0m [2mmidnight_base_crypto::data_provider[0m[2m:[0m Missing zero-knowledge proving key for Zswap outputs. Attempting to download from the host https://srs.midnight.network/ - this is not a trusted service, the data will be verified.
plain-proof-server-1  | [2m2026-08-24T15:53:04.412924Z[0m [32m INFO[0m [2mmidnight_base_crypto::data_provider[0m[2m:[0m Fetching zero-knowledge proving key for Dust spends - finished.
plain-proof-server-1  | [2m2026-08-24T15:53:04.412934Z[0m [32m INFO[0m [2mmidnight_base_crypto::data_provider[0m[2m:[0m Fetching zero-knowledge proving key for Dust spends - verified correct.
plain-proof-server-1  | [2m2026-08-24T15:53:04.415510Z[0m [32m INFO[0m [2mmidnight_base_crypto::data_provider[0m[2m:[0m Missing zero-knowledge verifying key for Dust spends. Attempting to download from the host https://srs.midnight.network/ - this is not a trusted service, the data will be verified.
plain-proof-server-1  | [2m2026-08-24T15:53:04.424489Z[0m [32m INFO[0m [2mmidnight_base_crypto::data_provider[0m[2m:[0m Fetching public parameters for k=11 - finished.
plain-proof-server-1  | [2m2026-08-24T15:53:04.424500Z[0m [32m INFO[0m [2mmidnight_base_crypto::data_provider[0m[2m:[0m Fetching public parameters for k=11 - verified correct.
plain-proof-server-1  | [2m2026-08-24T15:53:04.437585Z[0m [32m INFO[0m [2mmidnight_base_crypto::data_provider[0m[2m:[0m Fetching zero-knowledge proving key for Zswap signing operations - finished.
plain-proof-server-1  | [2m2026-08-24T15:53:04.437637Z[0m [32m INFO[0m [2mmidnight_base_crypto::data_provider[0m[2m:[0m Fetching zero-knowledge proving key for Zswap signing operations - verified correct.
plain-proof-server-1  | [2m2026-08-24T15:53:04.440272Z[0m [32m INFO[0m [2mmidnight_base_crypto::data_provider[0m[2m:[0m Missing zero-knowledge verifying key for Zswap signing operations. Attempting to download from the host https://srs.midnight.network/ - this is not a trusted service, the data will be verified.
indexer-1             | {"timestamp":"2026-08-24T15:53:08.073171+00:00","level":"DEBUG","target":"chain_indexer::infra::subxt_node","file":"chain-indexer/src/infra/subxt_node.rs","line":180,"message":"making block","kvs":{"hash":"bbb72bbbb3f32d2f2ffe1194d09c301ae167a804eda089c433cb76a4ac4e6cbb","height":0,"ledger_version":"V9","node_version":"V2_0","parent_hash":"0000000000000000000000000000000000000000000000000000000000000000","protocol_version":"V2_0(2000000)"},"diags":{"sampled":true,"span_id":"c682557600000003","trace_id":"b35b014b5705cf1003a13260874b5258"}}
indexer-1             | {"timestamp":"2026-08-24T15:53:08.307113+00:00","level":"DEBUG","target":"chain_indexer::infra::subxt_node","file":"chain-indexer/src/infra/subxt_node.rs","line":246,"message":"block made","kvs":{"hash":"bbb72bbbb3f32d2f2ffe1194d09c301ae167a804eda089c433cb76a4ac4e6cbb","height":0,"parent_hash":"0000000000000000000000000000000000000000000000000000000000000000","transactions_len":25},"diags":{"sampled":true,"span_id":"c682557600000003","trace_id":"b35b014b5705cf1003a13260874b5258"}}
plain-proof-server-1  | [2m2026-08-24T15:53:04.537260Z[0m [32m INFO[0m [2mmidnight_base_crypto::data_provider[0m[2m:[0m Fetching public parameters for k=14 - finished.
plain-proof-server-1  | [2m2026-08-24T15:53:04.537272Z[0m [32m INFO[0m [2mmidnight_base_crypto::data_provider[0m[2m:[0m Fetching public parameters for k=14 - verified correct.
plain-proof-server-1  | [2m2026-08-24T15:53:04.749559Z[0m [32m INFO[0m [2mmidnight_base_crypto::data_provider[0m[2m:[0m Fetching zero-knowledge proving key for Zswap outputs - finished.
plain-proof-server-1  | [2m2026-08-24T15:53:04.749572Z[0m [32m INFO[0m [2mmidnight_base_crypto::data_provider[0m[2m:[0m Fetching zero-knowledge proving key for Zswap outputs - verified correct.
proof-server-1        | [2m2026-08-24T15:53:02.319588Z[0m [32m INFO[0m [2mmidnight_base_crypto::data_provider[0m[2m:[0m Missing zero-knowledge proving key for Zswap signing operations. Attempting to download from the host https://srs.midnight.network/ - this is not a trusted service, the data will be verified.
proof-server-1        | [2m2026-08-24T15:53:02.321657Z[0m [32m INFO[0m [2mmidnight_base_crypto::data_provider[0m[2m:[0m Missing zero-knowledge proving key for Dust spends. Attempting to download from the host https://srs.midnight.network/ - this is not a trusted service, the data will be verified.
proof-server-1        | [2m2026-08-24T15:53:03.830770Z[0m [32m INFO[0m [2mmidnight_base_crypto::data_provider[0m[2m:[0m Fetching public parameters for k=10 - finished.
proof-server-1        | [2m2026-08-24T15:53:03.830779Z[0m [32m INFO[0m [2mmidnight_base_crypto::data_provider[0m[2m:[0m Fetching public parameters for k=10 - verified correct.
proof-server-1        | [2m2026-08-24T15:53:03.936344Z[0m [32m INFO[0m [2mmidnight_base_crypto::data_provider[0m[2m:[0m Fetching public parameters for k=11 - finished.
proof-server-1        | [2m2026-08-24T15:53:03.936355Z[0m [32m INFO[0m [2mmidnight_base_crypto::data_provider[0m[2m:[0m Fetching public parameters for k=11 - verified correct.
plain-proof-server-1  | [2m2026-08-24T15:53:04.757762Z[0m [32m INFO[0m [2mmidnight_base_crypto::data_provider[0m[2m:[0m Missing zero-knowledge verifying key for Zswap outputs. Attempting to download from the host https://srs.midnight.network/ - this is not a trusted service, the data will be verified.
plain-proof-server-1  | [2m2026-08-24T15:53:04.760970Z[0m [32m INFO[0m [2mmidnight_base_crypto::data_provider[0m[2m:[0m Fetching public parameters for k=15 - finished.
plain-proof-server-1  | [2m2026-08-24T15:53:04.760981Z[0m [32m INFO[0m [2mmidnight_base_crypto::data_provider[0m[2m:[0m Fetching public parameters for k=15 - verified correct.
plain-proof-server-1  | [2m2026-08-24T15:53:04.887819Z[0m [32m INFO[0m [2mmidnight_base_crypto::data_provider[0m[2m:[0m Fetching zero-knowledge proving key for Zswap inputs - finished.
plain-proof-server-1  | [2m2026-08-24T15:53:04.887831Z[0m [32m INFO[0m [2mmidnight_base_crypto::data_provider[0m[2m:[0m Fetching zero-knowledge proving key for Zswap inputs - verified correct.
plain-proof-server-1  | [2m2026-08-24T15:53:04.893085Z[0m [32m INFO[0m [2mmidnight_base_crypto::data_provider[0m[2m:[0m Missing zero-knowledge verifying key for Zswap inputs. Attempting to download from the host https://srs.midnight.network/ - this is not a trusted service, the data will be verified.
proof-server-1        | [2m2026-08-24T15:53:04.062145Z[0m [32m INFO[0m [2mmidnight_base_crypto::data_provider[0m[2m:[0m Fetching public parameters for k=12 - finished.
proof-server-1        | [2m2026-08-24T15:53:04.062156Z[0m [32m INFO[0m [2mmidnight_base_crypto::data_provider[0m[2m:[0m Fetching public parameters for k=12 - verified correct.
proof-server-1        | [2m2026-08-24T15:53:04.224758Z[0m [32m INFO[0m [2mmidnight_base_crypto::data_provider[0m[2m:[0m Fetching public parameters for k=13 - finished.
proof-server-1        | [2m2026-08-24T15:53:04.224769Z[0m [32m INFO[0m [2mmidnight_base_crypto::data_provider[0m[2m:[0m Fetching public parameters for k=13 - verified correct.
plain-proof-server-1  | [2m2026-08-24T15:53:05.077999Z[0m [32m INFO[0m [2mmidnight_base_crypto::data_provider[0m[2m:[0m Fetching zero-knowledge verifying key for Zswap signing operations - finished.
plain-proof-server-1  | [2m2026-08-24T15:53:05.078023Z[0m [32m INFO[0m [2mmidnight_base_crypto::data_provider[0m[2m:[0m Fetching zero-knowledge verifying key for Zswap signing operations - verified correct.
proof-server-1        | [2m2026-08-24T15:53:04.407978Z[0m [32m INFO[0m [2mmidnight_base_crypto::data_provider[0m[2m:[0m Fetching zero-knowledge proving key for Dust spends - finished.
proof-server-1        | [2m2026-08-24T15:53:04.407990Z[0m [32m INFO[0m [2mmidnight_base_crypto::data_provider[0m[2m:[0m Fetching zero-knowledge proving key for Dust spends - verified correct.
proof-server-1        | [2m2026-08-24T15:53:04.410251Z[0m [32m INFO[0m [2mmidnight_base_crypto::data_provider[0m[2m:[0m Missing zero-knowledge verifying key for Dust spends. Attempting to download from the host https://srs.midnight.network/ - this is not a trusted service, the data will be verified.
proof-server-1        | [2m2026-08-24T15:53:04.435510Z[0m [32m INFO[0m [2mmidnight_base_crypto::data_provider[0m[2m:[0m Fetching zero-knowledge proving key for Zswap signing operations - finished.
proof-server-1        | [2m2026-08-24T15:53:04.435520Z[0m [32m INFO[0m [2mmidnight_base_crypto::data_provider[0m[2m:[0m Fetching zero-knowledge proving key for Zswap signing operations - verified correct.
proof-server-1        | [2m2026-08-24T15:53:04.439011Z[0m [32m INFO[0m [2mmidnight_base_crypto::data_provider[0m[2m:[0m Missing zero-knowledge verifying key for Zswap signing operations. Attempting to download from the host https://srs.midnight.network/ - this is not a trusted service, the data will be verified.
proof-server-1        | [2m2026-08-24T15:53:04.444679Z[0m [32m INFO[0m [2mmidnight_base_crypto::data_provider[0m[2m:[0m Fetching public parameters for k=14 - finished.
proof-server-1        | [2m2026-08-24T15:53:04.444709Z[0m [32m INFO[0m [2mmidnight_base_crypto::data_provider[0m[2m:[0m Fetching public parameters for k=14 - verified correct.
node-1                | 2026-08-24 15:53:02 ❤️  by Substrate DevHub <https://github.com/substrate-developer-hub>, 2017-2026    
node-1                | 2026-08-24 15:53:02 📋 Chain specification: undeployed1    
node-1                | 2026-08-24 15:53:02 🏷  Node name: unarmed-birth-8570    
proof-server-1        | [2m2026-08-24T15:53:04.644099Z[0m [32m INFO[0m [2mmidnight_base_crypto::data_provider[0m[2m:[0m Fetching public parameters for k=15 - finished.
proof-server-1        | [2m2026-08-24T15:53:04.644109Z[0m [32m INFO[0m [2mmidnight_base_crypto::data_provider[0m[2m:[0m Fetching public parameters for k=15 - verified correct.
proof-server-1        | [2m2026-08-24T15:53:04.765003Z[0m [32m INFO[0m [2mmidnight_base_crypto::data_provider[0m[2m:[0m Fetching zero-knowledge proving key for Zswap outputs - finished.
proof-server-1        | [2m2026-08-24T15:53:04.765020Z[0m [32m INFO[0m [2mmidnight_base_crypto::data_provider[0m[2m:[0m Fetching zero-knowledge proving key for Zswap outputs - verified correct.
node-1                | 2026-08-24 15:53:02 👤 Role: AUTHORITY    
node-1                | 2026-08-24 15:53:02 💾 Database: ParityDb at /node/chain/chains/undeployed/paritydb/full    
node-1                | 2026-08-24 15:53:03 Start session 0, epoch 0    
node-1                | 2026-08-24 15:53:03 Reading registrations from: res/mock-bridge-data/default-registrations.json    
node-1                | 2026-08-24 15:53:03 Loaded 1 registration rotations    
node-1                | 2026-08-24 15:53:03 🔨 Initializing Genesis block/state (state: 0x07f5…c745, header-hash: 0xbbb7…6cbb)    
node-1                | 2026-08-24 15:53:03 Creating transaction pool txpool_type=ForkAware ready=Limit { count: 8192, total_bytes: 20971520 } future=Limit { count: 819, total_bytes: 2097152 }
proof-server-1        | [2m2026-08-24T15:53:04.781625Z[0m [32m INFO[0m [2mmidnight_base_crypto::data_provider[0m[2m:[0m Missing zero-knowledge verifying key for Zswap outputs. Attempting to download from the host https://srs.midnight.network/ - this is not a trusted service, the data will be verified.
proof-server-1        | [2m2026-08-24T15:53:04.931386Z[0m [32m INFO[0m [2mmidnight_base_crypto::data_provider[0m[2m:[0m Fetching zero-knowledge proving key for Zswap inputs - finished.
proof-server-1        | [2m2026-08-24T15:53:04.931398Z[0m [32m INFO[0m [2mmidnight_base_crypto::data_provider[0m[2m:[0m Fetching zero-knowledge proving key for Zswap inputs - verified correct.
proof-server-1        | [2m2026-08-24T15:53:04.936605Z[0m [32m INFO[0m [2mmidnight_base_crypto::data_provider[0m[2m:[0m Missing zero-knowledge verifying key for Zswap inputs. Attempting to download from the host https://srs.midnight.network/ - this is not a trusted service, the data will be verified.
proof-server-1        | [2m2026-08-24T15:53:05.252034Z[0m [32m INFO[0m [2mmidnight_base_crypto::data_provider[0m[2m:[0m Fetching zero-knowledge verifying key for Dust spends - finished.
proof-server-1        | [2m2026-08-24T15:53:05.252064Z[0m [32m INFO[0m [2mmidnight_base_crypto::data_provider[0m[2m:[0m Fetching zero-knowledge verifying key for Dust spends - verified correct.
proof-server-1        | [2m2026-08-24T15:53:05.255214Z[0m [32m INFO[0m [2mmidnight_base_crypto::data_provider[0m[2m:[0m Missing ZKIR source for Dust spends. Attempting to download from the host https://srs.midnight.network/ - this is not a trusted service, the data will be verified.
proof-server-1        | [2m2026-08-24T15:53:05.274439Z[0m [32m INFO[0m [2mmidnight_base_crypto::data_provider[0m[2m:[0m Fetching zero-knowledge verifying key for Zswap signing operations - finished.
proof-server-1        | [2m2026-08-24T15:53:05.274451Z[0m [32m INFO[0m [2mmidnight_base_crypto::data_provider[0m[2m:[0m Fetching zero-knowledge verifying key for Zswap signing operations - verified correct.
proof-server-1        | [2m2026-08-24T15:53:05.275271Z[0m [32m INFO[0m [2mmidnight_base_crypto::data_provider[0m[2m:[0m Missing ZKIR source for Zswap signing operations. Attempting to download from the host https://srs.midnight.network/ - this is not a trusted service, the data will be verified.
proof-server-1        | [2m2026-08-24T15:53:05.613781Z[0m [32m INFO[0m [2mmidnight_base_crypto::data_provider[0m[2m:[0m Fetching zero-knowledge verifying key for Zswap inputs - finished.
proof-server-1        | [2m2026-08-24T15:53:05.613835Z[0m [32m INFO[0m [2mmidnight_base_crypto::data_provider[0m[2m:[0m Fetching zero-knowledge verifying key for Zswap inputs - verified correct.
proof-server-1        | [2m2026-08-24T15:53:05.618916Z[0m [32m INFO[0m [2mmidnight_base_crypto::data_provider[0m[2m:[0m Missing ZKIR source for Zswap inputs. Attempting to download from the host https://srs.midnight.network/ - this is not a trusted service, the data will be verified.
proof-server-1        | [2m2026-08-24T15:53:05.622416Z[0m [32m INFO[0m [2mmidnight_base_crypto::data_provider[0m[2m:[0m Fetching zero-knowledge verifying key for Zswap outputs - finished.
proof-server-1        | [2m2026-08-24T15:53:05.622426Z[0m [32m INFO[0m [2mmidnight_base_crypto::data_provider[0m[2m:[0m Fetching zero-knowledge verifying key for Zswap outputs - verified correct.
proof-server-1        | [2m2026-08-24T15:53:05.623249Z[0m [32m INFO[0m [2mmidnight_base_crypto::data_provider[0m[2m:[0m Missing ZKIR source for Zswap outputs. Attempting to download from the host https://srs.midnight.network/ - this is not a trusted service, the data will be verified.
proof-server-1        | [2m2026-08-24T15:53:05.893146Z[0m [32m INFO[0m [2mmidnight_base_crypto::data_provider[0m[2m:[0m Fetching ZKIR source for Dust spends - finished.
proof-server-1        | [2m2026-08-24T15:53:05.893195Z[0m [32m INFO[0m [2mmidnight_base_crypto::data_provider[0m[2m:[0m Fetching ZKIR source for Dust spends - verified correct.
proof-server-1        | [2m2026-08-24T15:53:06.113514Z[0m [32m INFO[0m [2mmidnight_base_crypto::data_provider[0m[2m:[0m Fetching ZKIR source for Zswap signing operations - finished.
proof-server-1        | [2m2026-08-24T15:53:06.113561Z[0m [32m INFO[0m [2mmidnight_base_crypto::data_provider[0m[2m:[0m Fetching ZKIR source for Zswap signing operations - verified correct.
proof-server-1        | [2m2026-08-24T15:53:06.264558Z[0m [32m INFO[0m [2mmidnight_base_crypto::data_provider[0m[2m:[0m Fetching ZKIR source for Zswap inputs - finished.
plain-proof-server-1  | [2m2026-08-24T15:53:05.080540Z[0m [32m INFO[0m [2mmidnight_base_crypto::data_provider[0m[2m:[0m Missing ZKIR source for Zswap signing operations. Attempting to download from the host https://srs.midnight.network/ - this is not a trusted service, the data will be verified.
plain-proof-server-1  | [2m2026-08-24T15:53:05.258192Z[0m [32m INFO[0m [2mmidnight_base_crypto::data_provider[0m[2m:[0m Fetching zero-knowledge verifying key for Dust spends - finished.
plain-proof-server-1  | [2m2026-08-24T15:53:05.258205Z[0m [32m INFO[0m [2mmidnight_base_crypto::data_provider[0m[2m:[0m Fetching zero-knowledge verifying key for Dust spends - verified correct.
plain-proof-server-1  | [2m2026-08-24T15:53:05.259193Z[0m [32m INFO[0m [2mmidnight_base_crypto::data_provider[0m[2m:[0m Missing ZKIR source for Dust spends. Attempting to download from the host https://srs.midnight.network/ - this is not a trusted service, the data will be verified.
plain-proof-server-1  | [2m2026-08-24T15:53:05.412578Z[0m [32m INFO[0m [2mmidnight_base_crypto::data_provider[0m[2m:[0m Fetching zero-knowledge verifying key for Zswap outputs - finished.
plain-proof-server-1  | [2m2026-08-24T15:53:05.412610Z[0m [32m INFO[0m [2mmidnight_base_crypto::data_provider[0m[2m:[0m Fetching zero-knowledge verifying key for Zswap outputs - verified correct.
indexer-1             | {"timestamp":"2026-08-24T15:53:08.309853+00:00","level":"INFO","target":"chain_indexer::infra::subxt_node","file":"chain-indexer/src/infra/subxt_node.rs","line":478,"message":"fetched genesis ledger state from system properties","kvs":{"genesis_ledger_state_len":30817},"diags":{"sampled":true,"span_id":"ed08a1cd00000062","trace_id":"b35b014b5705cf1003a13260874b5258"}}
indexer-1             | {"timestamp":"2026-08-24T15:53:08.322443+00:00","level":"INFO","target":"chain_indexer::application","file":"chain-indexer/src/application.rs","line":455,"message":"post-block-0: applying transactions to fresh state, then use genesis state","diags":{"sampled":true,"span_id":"ed08a1cd00000062","trace_id":"b35b014b5705cf1003a13260874b5258"}}
indexer-1             | {"timestamp":"2026-08-24T15:53:08.322498+00:00","level":"INFO","target":"midnight_ledger_v9::semantics","file":"/usr/local/cargo/git/checkouts/midnight-ledger-b2f9c59d942dfdca/85e769a/ledger/src/semantics.rs","line":557,"message":"apply_system_tx; tblock=Timestamp(1754395200) tx=7b8c0c8d1e672096a83fe6271de23d203fa7f842d9dac4a4cb2d01350f1ad092","diags":{"sampled":true,"span_id":"c37a59b000000007","trace_id":"b35b014b5705cf1003a13260874b5258"}}
indexer-1             | {"timestamp":"2026-08-24T15:53:08.322571+00:00","level":"INFO","target":"midnight_ledger_v9::semantics","file":"/usr/local/cargo/git/checkouts/midnight-ledger-b2f9c59d942dfdca/85e769a/ledger/src/semantics.rs","line":557,"message":"apply_system_tx; tblock=Timestamp(1754395200) tx=fa010fff4570b402dc308a19b9fc9db0b10df39782a80fb2ce6655332a337ebc","diags":{"sampled":true,"span_id":"c37a59b00000000a","trace_id":"b35b014b5705cf1003a13260874b5258"}}
plain-proof-server-1  | [2m2026-08-24T15:53:05.414814Z[0m [32m INFO[0m [2mmidnight_base_crypto::data_provider[0m[2m:[0m Missing ZKIR source for Zswap outputs. Attempting to download from the host https://srs.midnight.network/ - this is not a trusted service, the data will be verified.
plain-proof-server-1  | [2m2026-08-24T15:53:05.529933Z[0m [32m INFO[0m [2mmidnight_base_crypto::data_provider[0m[2m:[0m Fetching zero-knowledge verifying key for Zswap inputs - finished.
indexer-1             | {"timestamp":"2026-08-24T15:53:08.322578+00:00","level":"INFO","target":"midnight_ledger_v9::semantics","file":"/usr/local/cargo/git/checkouts/midnight-ledger-b2f9c59d942dfdca/85e769a/ledger/src/semantics.rs","line":609,"message":"[privileged] DistributeNight outputs=[OutputInstructionUnshielded { amount: 50000000000000, target_address: UserAddress(bc610dd07c52f59012a88c2f9f1c5f34cbacc75b868202975d6f19beaf37284b), nonce: Nonce(188088ddcbb1e36f921ebf498be6205c364fb1d821a337de7e0c4445f30ce9da) }, OutputInstructionUnshielded { amount: 50000000000000, target_address: UserAddress(bc610dd07c52f59012a88c2f9f1c5f34cbacc75b868202975d6f19beaf37284b), nonce: Nonce(8cfa74651b2595470785c304692db3b3d3bed33bcf421f6a1108ed818d699929) }, OutputInstructionUnshielded { amount: 50000000000000, target_address: UserAddress(bc610dd07c52f59012a88c2f9f1c5f34cbacc75b868202975d6f19beaf37284b), nonce: Nonce(5a88c985e38c73bfa3ee76eeba8fa65549c621442bc27a0627925fa02354de36) }, OutputInstructionUnshielded { amount: 50000000000000, target_address: UserAddress(bc610dd07c52f59012a88c2f9f1c5f34cbacc75b868202975d6f19beaf37284b), nonce: Nonce(ec2348d43f5fb4fa3da8cb1ac50870cf73fd71a1c27b01996e00519352787c86) }, OutputInstructionUnshielded { amount: 50000000000000, target_address: UserAddress(bc610dd07c52f59012a88c2f9f1c5f34cbacc75b868202975d6f19beaf37284b), nonce: Nonce(49a2d147da91cb7d05dcf5f71988f2db50b432ebf834d117453be39b9425a00c) }, OutputInstructionUnshielded { amount: 50000000000000, target_address: UserAddress(45bb01c45163890c11520869198871f33d3a8e3f82512d3288a1eadeda425bcc), nonce: Nonce(b4d2acb42f801686006045fe003aeeb689ba1688b90ed6ded0c99d6908e48458) }, OutputInstructionUnshielded { amount: 50000000000000, target_address: UserAddress(45bb01c45163890c11520869198871f33d3a8e3f82512d3288a1eadeda425bcc), nonce: Nonce(52bc1ba40bb44b4477c600ca9e02ead434108f712ee77eb124ef36549e3889d2) }, OutputInstructionUnshielded { amount: 50000000000000, target_address: UserAddress(45bb01c45163890c11520869198871f33d3a8e3f82512d3288a1eadeda425bcc), nonce: Nonce(e6bb600a6df9b6340933cedbb73f703f26971beb819645817d25557dd7ad4a38) }, OutputInstructionUnshielded { amount: 50000000000000, target_address: UserAddress(45bb01c45163890c11520869198871f33d3a8e3f82512d3288a1eadeda425bcc), nonce: Nonce(188d5d5547e42f50abf1407bd81b774e614c6c08d51903dca2e7f1bc192597d0) }, OutputInstructionUnshielded { amount: 50000000000000, target_address: UserAddress(45bb01c45163890c11520869198871f33d3a8e3f82512d3288a1eadeda425bcc), nonce: Nonce(f20d6a1170815f17cbf0e32aa69d88862f1b6361984c856a07586937b419662f) }, OutputInstructionUnshielded { amount: 50000000000000, target_address: UserAddress(416638ed92c649ec74f0be2146d4929b713de0492bc7765672e780007d28a911), nonce: Nonce(07ddf07d02ad7613b843ecd13c145382127771419f1851125c578188f477dd6c) }, OutputInstructionUnshielded { amount: 50000000000000, target_address: UserAddress(416638ed92c649ec74f0be2146d4929b713de0492bc7765672e780007d28a911), nonce: Nonce(0bb3f9f5fe23d784924eee5d46983187d286997cc1ff0874bfc42f343a619d3f) }, OutputInstructionUnshielded { amount: 50000000000000, target_address: UserAddress(416638ed92c649ec74f0be2146d4929b713de0492bc7765672e780007d28a911), nonce: Nonce(9a909312dd380ba676eb5dd12a693a87b6bb220a9fb63f3a88a8619cc16241e3) }, OutputInstructionUnshielded { amount: 50000000000000, target_address: UserAddress(416638ed92c649ec74f0be2146d4929b713de0492bc7765672e780007d28a911), nonce: Nonce(9723441e4031f30bf343a71c987a115dcd457288354bf48b86c1bca02272e29f) }, OutputInstructionUnshielded { amount: 50000000000000, target_address: UserAddress(416638ed92c649ec74f0be2146d4929b713de0492bc7765672e780007d28a911), nonce: Nonce(02a4f69e376a48311a0d3fc98e1871edbebcd250e2989bf20297215cd26b98aa) }, OutputInstructionUnshielded { amount: 50000000000000, target_address: UserAddress(982edeaf90a374b61334f00f4ad9a386b8351170f9c9d220498348acc56c5ef3), nonce: Nonce(f218930988198e00da6f16fe83432ad27bf429ff9907794a892dfbd2b39ba0c8) }, OutputInstructionUnshielded { amount: 50000000000000, target_address: UserAddress(982edeaf90a374b61334f00f4ad9a386b8351170f9c9d220498348acc56c5ef3), nonce: Nonce(1b9f9ea485a2a1c94dc3cc1a104ecbbfc4ef56590c7459e4764163e10c5e4308) }, OutputInstructionUnshielded { amount: 50000000000000, target_address: UserAddress(982edeaf90a374b61334f00f4ad9a386b8351170f9c9d220498348acc56c5ef3), nonce: Nonce(acab621e7646a2e339863eb5b9950e773917b9ed28fd4fa8e70d211b0465a7e8) }, OutputInstructionUnshielded { amount: 50000000000000, target_address: UserAddress(982edeaf90a374b61334f00f4ad9a386b8351170f9c9d220498348acc56c5ef3), nonce: Nonce(866d19a4b3ac3ea08a585ac5025c3344729fa574ecf9e27fc8352a0de8b0bff6) }, OutputInstructionUnshielded { amount: 50000000000000, target_address: UserAddress(982edeaf90a374b61334f00f4ad9a386b8351170f9c9d220498348acc56c5ef3), nonce: Nonce(8af7c70013deacc16251fe86f8bff76dec392160feba5dd343f3c0a5297c3fea) }] kind=Reward supply_before=1000000000000000 locked_before=0","diags":{"sampled":true,"span_id":"c37a59b00000000a","trace_id":"b35b014b5705cf1003a13260874b5258"}}
plain-proof-server-1  | [2m2026-08-24T15:53:05.529987Z[0m [32m INFO[0m [2mmidnight_base_crypto::data_provider[0m[2m:[0m Fetching zero-knowledge verifying key for Zswap inputs - verified correct.
plain-proof-server-1  | [2m2026-08-24T15:53:05.535248Z[0m [32m INFO[0m [2mmidnight_base_crypto::data_provider[0m[2m:[0m Missing ZKIR source for Zswap inputs. Attempting to download from the host https://srs.midnight.network/ - this is not a trusted service, the data will be verified.
plain-proof-server-1  | [2m2026-08-24T15:53:05.722395Z[0m [32m INFO[0m [2mmidnight_base_crypto::data_provider[0m[2m:[0m Fetching ZKIR source for Zswap signing operations - finished.
node-1                | 2026-08-24 15:53:03 👴 Loading GRANDPA authority set from genesis on what appears to be first startup.    
node-1                | 2026-08-24 15:53:03 Using default protocol ID "sup" because none is configured in the chain specs    
node-1                | 2026-08-24 15:53:03 🏷  Local node identity is: 12D3KooWEyoppNCUx8Yx66oV9fJnriXwCcXwDDUA2kj6vnc6iDEp    
node-1                | 2026-08-24 15:53:03 Running libp2p network backend    
node-1                | 2026-08-24 15:53:03 local_peer_id=12D3KooWEyoppNCUx8Yx66oV9fJnriXwCcXwDDUA2kj6vnc6iDEp
node-1                | 2026-08-24 15:53:03 💻 Operating system: linux    
node-1                | 2026-08-24 15:53:03 💻 CPU architecture: aarch64    
node-1                | 2026-08-24 15:53:03 💻 Target environment: gnu    
plain-proof-server-1  | [2m2026-08-24T15:53:05.722443Z[0m [32m INFO[0m [2mmidnight_base_crypto::data_provider[0m[2m:[0m Fetching ZKIR source for Zswap signing operations - verified correct.
plain-proof-server-1  | [2m2026-08-24T15:53:05.899360Z[0m [32m INFO[0m [2mmidnight_base_crypto::data_provider[0m[2m:[0m Fetching ZKIR source for Dust spends - finished.
plain-proof-server-1  | [2m2026-08-24T15:53:05.899395Z[0m [32m INFO[0m [2mmidnight_base_crypto::data_provider[0m[2m:[0m Fetching ZKIR source for Dust spends - verified correct.
plain-proof-server-1  | [2m2026-08-24T15:53:06.067382Z[0m [32m INFO[0m [2mmidnight_base_crypto::data_provider[0m[2m:[0m Fetching ZKIR source for Zswap outputs - finished.
plain-proof-server-1  | [2m2026-08-24T15:53:06.067434Z[0m [32m INFO[0m [2mmidnight_base_crypto::data_provider[0m[2m:[0m Fetching ZKIR source for Zswap outputs - verified correct.
plain-proof-server-1  | [2m2026-08-24T15:53:06.179732Z[0m [32m INFO[0m [2mmidnight_base_crypto::data_provider[0m[2m:[0m Fetching ZKIR source for Zswap inputs - finished.
plain-proof-server-1  | [2m2026-08-24T15:53:06.179782Z[0m [32m INFO[0m [2mmidnight_base_crypto::data_provider[0m[2m:[0m Fetching ZKIR source for Zswap inputs - verified correct.
plain-proof-server-1  | [2m2026-08-24T15:53:06.187932Z[0m [32m INFO[0m [2mactix_server::builder[0m[2m:[0m starting 12 workers
plain-proof-server-1  | [2m2026-08-24T15:53:06.187964Z[0m [32m INFO[0m [2mactix_server::server[0m[2m:[0m Actix runtime found; starting in Actix runtime
plain-proof-server-1  | [2m2026-08-24T15:53:06.187969Z[0m [32m INFO[0m [2mactix_server::server[0m[2m:[0m starting service: "actix-web-service-0.0.0.0:6300", workers: 12, listening on: 0.0.0.0:6300
indexer-1             | {"timestamp":"2026-08-24T15:53:08.324731+00:00","level":"INFO","target":"midnight_ledger_v9::semantics","file":"/usr/local/cargo/git/checkouts/midnight-ledger-b2f9c59d942dfdca/85e769a/ledger/src/semantics.rs","line":557,"message":"apply_system_tx; tblock=Timestamp(1754395200) tx=6278b3554d0023ce0d2d5763e9183611cbd73b70aec94700d959f3025f635b37","diags":{"sampled":true,"span_id":"c37a59b00000000e","trace_id":"b35b014b5705cf1003a13260874b5258"}}
indexer-1             | {"timestamp":"2026-08-24T15:53:08.341164+00:00","level":"INFO","target":"midnight_ledger_v9::verify","file":"/usr/local/cargo/git/checkouts/midnight-ledger-b2f9c59d942dfdca/85e769a/ledger/src/verify.rs","line":603,"message":"well_formed; strictness=WellFormedStrictness { enforce_balancing: false, verify_native_proofs: true, verify_contract_proofs: true, verify_signatures: true, enforce_limits: true, proof_verification_mode: Real } tblock=Timestamp(1754395200) self=0d60ae23ae44956b692b92f6e50567efdcf4e30ae571dcaff7123cddd73f7791 ref_state=714f8f06fbd9c95d36dc50148d690527c6788d698f85d61121c354eabe165e2f","diags":{"sampled":true,"span_id":"c37a59b000000012","trace_id":"b35b014b5705cf1003a13260874b5258"}}
plain-proof-server-1  | [2m2026-08-24T15:53:07.916785Z[0m [32m INFO[0m [2mactix_web::middleware::logger[0m[2m:[0m 172.21.0.1 GET /version HTTP/1.1; took 0.000060s
plain-proof-server-1  | [2m2026-08-24T15:53:09.984238Z[0m [32m INFO[0m [2mactix_web::middleware::logger[0m[2m:[0m 172.21.0.1 GET /version HTTP/1.1; took 0.000040s
indexer-1             | {"timestamp":"2026-08-24T15:53:08.341266+00:00","level":"INFO","target":"midnight_zswap::verify","file":"/usr/local/cargo/git/checkouts/midnight-ledger-b2f9c59d942dfdca/d495446/zswap/src/verify.rs","line":359,"message":"well_formed; segment=0","diags":{"sampled":true,"span_id":"c37a59b000000012","trace_id":"b35b014b5705cf1003a13260874b5258"}}
indexer-1             | {"timestamp":"2026-08-24T15:53:08.341273+00:00","level":"INFO","target":"midnight_zswap::verify","file":"/usr/local/cargo/git/checkouts/midnight-ledger-b2f9c59d942dfdca/d495446/zswap/src/verify.rs","line":230,"message":"well_formed; self=<shielded output Commitment(0a0753b1270bc1c3d5ad2e7679bea6cdd8ca50d36694d9e82d5dd3696a91f5a9)> segment=0","diags":{"sampled":true,"span_id":"c37a59b000000012","trace_id":"b35b014b5705cf1003a13260874b5258"}}
indexer-1             | {"timestamp":"2026-08-24T15:53:08.355332+00:00","level":"INFO","target":"midnight_zswap::verify","file":"/usr/local/cargo/git/checkouts/midnight-ledger-b2f9c59d942dfdca/d495446/zswap/src/verify.rs","line":230,"message":"well_formed; self=<shielded output Commitment(0aa62165be1d173f75f4d22719e423ff8b69600b407bbde33c5249fbf29c7d80)> segment=0","diags":{"sampled":true,"span_id":"c37a59b000000012","trace_id":"b35b014b5705cf1003a13260874b5258"}}
proof-server-1        | [2m2026-08-24T15:53:06.264614Z[0m [32m INFO[0m [2mmidnight_base_crypto::data_provider[0m[2m:[0m Fetching ZKIR source for Zswap inputs - verified correct.
proof-server-1        | [2m2026-08-24T15:53:06.471400Z[0m [32m INFO[0m [2mmidnight_base_crypto::data_provider[0m[2m:[0m Fetching ZKIR source for Zswap outputs - finished.
proof-server-1        | [2m2026-08-24T15:53:06.471470Z[0m [32m INFO[0m [2mmidnight_base_crypto::data_provider[0m[2m:[0m Fetching ZKIR source for Zswap outputs - verified correct.
node-1                | 2026-08-24 15:53:03 💻 Memory: 23993MB    
node-1                | 2026-08-24 15:53:03 💻 Kernel: 7.0.12-linuxkit    
node-1                | 2026-08-24 15:53:03 💻 Linux distribution: Amazon Linux 2023.10.20260330    
proof-server-1        | [2m2026-08-24T15:53:06.475746Z[0m [32m INFO[0m [2mactix_server::builder[0m[2m:[0m starting 12 workers
proof-server-1        | [2m2026-08-24T15:53:06.475812Z[0m [32m INFO[0m [2mactix_server::server[0m[2m:[0m Actix runtime found; starting in Actix runtime
proof-server-1        | [2m2026-08-24T15:53:06.475816Z[0m [32m INFO[0m [2mactix_server::server[0m[2m:[0m starting service: "actix-web-service-0.0.0.0:6300", workers: 12, listening on: 0.0.0.0:6300
proof-server-1        | [2m2026-08-24T15:53:07.907094Z[0m [32m INFO[0m [2mactix_web::middleware::logger[0m[2m:[0m 172.21.0.1 GET /version HTTP/1.1; took 0.000070s
node-1                | 2026-08-24 15:53:03 💻 Virtual machine: no    
node-1                | 2026-08-24 15:53:03 📦 Highest known block at #0    
proof-server-1        | [2m2026-08-24T15:53:09.974298Z[0m [32m INFO[0m [2mactix_web::middleware::logger[0m[2m:[0m 172.21.0.1 GET /version HTTP/1.1; took 0.000032s
node-1                | 2026-08-24 15:53:03 〽️ Prometheus exporter started at [::]:9615    
node-1                | 2026-08-24 15:53:03 Running JSON-RPC server: addr=0.0.0.0:9944,[::]:36735    
node-1                | 2026-08-24 15:53:03 🏁 CPU single core score: 1.43 GiBs, parallelism score: 1.35 GiBs with expected cores: 8    
node-1                | 2026-08-24 15:53:03 🏁 Memory score: 52.41 GiBs    
node-1                | 2026-08-24 15:53:03 🏁 Disk score (seq. writes): 6.65 GiBs    
node-1                | 2026-08-24 15:53:03 🏁 Disk score (rand. writes): 356.64 MiBs    
node-1                | 2026-08-24 15:53:03 ⚠️  The hardware does not meet the minimal requirements Failed checks: Rnd Write(expected: 1.90 GiBs, found: 356.64 MiBs),  for role 'Authority'.    
node-1                | 2026-08-24 15:53:03 🥩 BEEFY gadget waiting for BEEFY pallet to become available...    
node-1                | 2026-08-24 15:53:03 MemoryMonitorService: memory monitoring disabled (threshold=0)    
node-1                | 2026-08-24 15:53:04 Failed to trigger bootstrap: No known peers.
node-1                | 2026-08-24 15:53:06 🙌 Starting consensus session on top of parent 0xbbb72bbbb3f32d2f2ffe1194d09c301ae167a804eda089c433cb76a4ac4e6cbb (#0)    
node-1                | 2026-08-24 15:53:06 ⏳ Initial epoch 993103 starting at block 1    
node-1                | 2026-08-24 15:53:06 💼 Selected committee of 10 seats for epoch 993104 from 1 permissioned and 0 registered candidates    
indexer-1             | {"timestamp":"2026-08-24T15:53:08.358572+00:00","level":"INFO","target":"midnight_zswap::verify","file":"/usr/local/cargo/git/checkouts/midnight-ledger-b2f9c59d942dfdca/d495446/zswap/src/verify.rs","line":230,"message":"well_formed; self=<shielded output Commitment(14bf817ec19b1f0faa6bfc5242d78cfa99fa5865077c5db18c452a8d9e144162)> segment=0","diags":{"sampled":true,"span_id":"c37a59b000000012","trace_id":"b35b014b5705cf1003a13260874b5258"}}
indexer-1             | {"timestamp":"2026-08-24T15:53:08.362022+00:00","level":"INFO","target":"midnight_zswap::verify","file":"/usr/local/cargo/git/checkouts/midnight-ledger-b2f9c59d942dfdca/d495446/zswap/src/verify.rs","line":230,"message":"well_formed; self=<shielded output Commitment(3ca36e69242e4d3532feb43a60199360ac93584814d816d7c28c4d074bbed53e)> segment=0","diags":{"sampled":true,"span_id":"c37a59b000000012","trace_id":"b35b014b5705cf1003a13260874b5258"}}
indexer-1             | {"timestamp":"2026-08-24T15:53:08.366215+00:00","level":"INFO","target":"midnight_zswap::verify","file":"/usr/local/cargo/git/checkouts/midnight-ledger-b2f9c59d942dfdca/d495446/zswap/src/verify.rs","line":230,"message":"well_formed; self=<shielded output Commitment(56047aeae5bc2fb8235e7f468ddd93c1d159eb7cf6af00cc03aa2635f05f5461)> segment=0","diags":{"sampled":true,"span_id":"c37a59b000000012","trace_id":"b35b014b5705cf1003a13260874b5258"}}
indexer-1             | {"timestamp":"2026-08-24T15:53:08.368965+00:00","level":"INFO","target":"midnight_zswap::verify","file":"/usr/local/cargo/git/checkouts/midnight-ledger-b2f9c59d942dfdca/d495446/zswap/src/verify.rs","line":230,"message":"well_formed; self=<shielded output Commitment(637b4bba17106b825480e8d9000f2657a83bbe33d95974bafd41d710bb064bf8)> segment=0","diags":{"sampled":true,"span_id":"c37a59b000000012","trace_id":"b35b014b5705cf1003a13260874b5258"}}
indexer-1             | {"timestamp":"2026-08-24T15:53:08.371780+00:00","level":"INFO","target":"midnight_zswap::verify","file":"/usr/local/cargo/git/checkouts/midnight-ledger-b2f9c59d942dfdca/d495446/zswap/src/verify.rs","line":230,"message":"well_formed; self=<shielded output Commitment(65cd18a847ff2214c0f1b835f7cacad45db34337a36a429cc5f8ee28a0d6e3b6)> segment=0","diags":{"sampled":true,"span_id":"c37a59b000000012","trace_id":"b35b014b5705cf1003a13260874b5258"}}
indexer-1             | {"timestamp":"2026-08-24T15:53:08.375118+00:00","level":"INFO","target":"midnight_zswap::verify","file":"/usr/local/cargo/git/checkouts/midnight-ledger-b2f9c59d942dfdca/d495446/zswap/src/verify.rs","line":230,"message":"well_formed; self=<shielded output Commitment(66485e616f48ac487a0b89e1f508f10a2fd8669775c719172b1b87c586f7b083)> segment=0","diags":{"sampled":true,"span_id":"c37a59b000000012","trace_id":"b35b014b5705cf1003a13260874b5258"}}
indexer-1             | {"timestamp":"2026-08-24T15:53:08.377767+00:00","level":"INFO","target":"midnight_zswap::verify","file":"/usr/local/cargo/git/checkouts/midnight-ledger-b2f9c59d942dfdca/d495446/zswap/src/verify.rs","line":230,"message":"well_formed; self=<shielded output Commitment(66b30e8fbd5b7ae69b288883e15359777f416f16be7de09f9248375d022c196e)> segment=0","diags":{"sampled":true,"span_id":"c37a59b000000012","trace_id":"b35b014b5705cf1003a13260874b5258"}}
node-1                | 2026-08-24 15:53:06 💼 Storing committee of size 10 for epoch 993104, input data hash: 0xd520f67a34899fc1152765bd7d5219d23a027c97ddf2c735c98ebb14cf55d35a    
node-1                | 2026-08-24 15:53:06 Post dispatch weight is greater than pre dispatch weight. Pre dispatch weight may underestimating the actual weight. Greater post dispatch weight components are ignored.
node-1                | 					Pre dispatch weight: Weight { ref_time: 731859347, proof_size: 7968 },
node-1                | 					Post dispatch weight: Weight { ref_time: 844708252, proof_size: 7994 }    
node-1                | 2026-08-24 15:53:06 Post dispatch weight is greater than pre dispatch weight. Pre dispatch weight may underestimating the actual weight. Greater post dispatch weight components are ignored.
node-1                | 					Pre dispatch weight: Weight { ref_time: 731859347, proof_size: 7968 },
node-1                | 					Post dispatch weight: Weight { ref_time: 844708252, proof_size: 7994 }    
node-1                | 2026-08-24 15:53:06 Post dispatch weight is greater than pre dispatch weight. Pre dispatch weight may underestimating the actual weight. Greater post dispatch weight components are ignored.
node-1                | 					Pre dispatch weight: Weight { ref_time: 731859347, proof_size: 7968 },
node-1                | 					Post dispatch weight: Weight { ref_time: 844708252, proof_size: 7994 }    
node-1                | 2026-08-24 15:53:06 🎁 Prepared block for proposing at 1 (9 ms) hash: 0x78fb6965614f2b425481ea8c5b61a2397fda2ccb78ad870b347fe36525731d03; parent_hash: 0xbbb7…6cbb; end: NoMoreTransactions; extrinsics_count: 5    
node-1                | 2026-08-24 15:53:06 🔖 Pre-sealed block for proposal at 1. Hash now 0x8621d3cd1832dbb2e09c00a4091fde8e8354efa15b4a054143bcb125e919549d, previously 0x78fb6965614f2b425481ea8c5b61a2397fda2ccb78ad870b347fe36525731d03.    
node-1                | 2026-08-24 15:53:06 🏆 Imported #1 (0xbbb7…6cbb → 0x8621…549d)    
node-1                | 2026-08-24 15:53:06 Session 0: this node IS in the committee for this session (AURA key: 0xd43593c715fdd31c61141abd04a99fd6822c8558854ccde39a5684e7a56da27d, committee size: 1)    
node-1                | 2026-08-24 15:53:08 💤 Idle (0 peers), best: #1 (0x8621…549d), finalized #0 (0xbbb7…6cbb), ⬇ 0 ⬆ 0    
node-1                | 2026-08-24 15:53:12 🙌 Starting consensus session on top of parent 0x8621d3cd1832dbb2e09c00a4091fde8e8354efa15b4a054143bcb125e919549d (#1)    
node-1                | 2026-08-24 15:53:12 🎁 Prepared block for proposing at 2 (0 ms) hash: 0x0a15a10652a72edc4f33d4958c7656f3c949303c65b825aa82932bc548d6cead; parent_hash: 0x8621…549d; end: NoMoreTransactions; extrinsics_count: 4    
node-1                | 2026-08-24 15:53:12 🔖 Pre-sealed block for proposal at 2. Hash now 0x2a8f603ebc228c5a59346e1f40ca9b3eae9507b6a5599e741095aae4387b822e, previously 0x0a15a10652a72edc4f33d4958c7656f3c949303c65b825aa82932bc548d6cead.    
node-1                | 2026-08-24 15:53:12 🏆 Imported #2 (0x8621…549d → 0x2a8f…822e)    
indexer-1             | {"timestamp":"2026-08-24T15:53:08.380907+00:00","level":"INFO","target":"midnight_zswap::verify","file":"/usr/local/cargo/git/checkouts/midnight-ledger-b2f9c59d942dfdca/d495446/zswap/src/verify.rs","line":230,"message":"well_formed; self=<shielded output Commitment(6d66520425c0ba7d5936d5716f680998a197758fec12da7d966b516d7eefd260)> segment=0","diags":{"sampled":true,"span_id":"c37a59b000000012","trace_id":"b35b014b5705cf1003a13260874b5258"}}
indexer-1             | {"timestamp":"2026-08-24T15:53:08.383967+00:00","level":"INFO","target":"midnight_zswap::verify","file":"/usr/local/cargo/git/checkouts/midnight-ledger-b2f9c59d942dfdca/d495446/zswap/src/verify.rs","line":230,"message":"well_formed; self=<shielded output Commitment(735befe4956c902d980252bd2ddddc29c39f728e5750e568737123f8cd7714de)> segment=0","diags":{"sampled":true,"span_id":"c37a59b000000012","trace_id":"b35b014b5705cf1003a13260874b5258"}}
indexer-1             | {"timestamp":"2026-08-24T15:53:08.386690+00:00","level":"INFO","target":"midnight_zswap::verify","file":"/usr/local/cargo/git/checkouts/midnight-ledger-b2f9c59d942dfdca/d495446/zswap/src/verify.rs","line":230,"message":"well_formed; self=<shielded output Commitment(8e0a4f64ba50c6bd3b359363c1f838847c38295d90a39f9b0aecb04af889489a)> segment=0","diags":{"sampled":true,"span_id":"c37a59b000000012","trace_id":"b35b014b5705cf1003a13260874b5258"}}
indexer-1             | {"timestamp":"2026-08-24T15:53:08.389899+00:00","level":"INFO","target":"midnight_zswap::verify","file":"/usr/local/cargo/git/checkouts/midnight-ledger-b2f9c59d942dfdca/d495446/zswap/src/verify.rs","line":230,"message":"well_formed; self=<shielded output Commitment(95a5fc5c26d06ffc00ede6e0dcc8d71d4a1d50630f93f8156ebad565ed7114c3)> segment=0","diags":{"sampled":true,"span_id":"c37a59b000000012","trace_id":"b35b014b5705cf1003a13260874b5258"}}
indexer-1             | {"timestamp":"2026-08-24T15:53:08.392939+00:00","level":"INFO","target":"midnight_zswap::verify","file":"/usr/local/cargo/git/checkouts/midnight-ledger-b2f9c59d942dfdca/d495446/zswap/src/verify.rs","line":230,"message":"well_formed; self=<shielded output Commitment(ad118266eccdeea4f7a2f0628cacb1c2ce80cd7e56f7cba6d969d7d04bcde599)> segment=0","diags":{"sampled":true,"span_id":"c37a59b000000012","trace_id":"b35b014b5705cf1003a13260874b5258"}}
indexer-1             | {"timestamp":"2026-08-24T15:53:08.396119+00:00","level":"INFO","target":"midnight_zswap::verify","file":"/usr/local/cargo/git/checkouts/midnight-ledger-b2f9c59d942dfdca/d495446/zswap/src/verify.rs","line":230,"message":"well_formed; self=<shielded output Commitment(ae81ba811a8a95fc4cca814c8243781ae138ae1efa2da8f6707c6f68fd3cb7af)> segment=0","diags":{"sampled":true,"span_id":"c37a59b000000012","trace_id":"b35b014b5705cf1003a13260874b5258"}}
indexer-1             | {"timestamp":"2026-08-24T15:53:08.398780+00:00","level":"INFO","target":"midnight_zswap::verify","file":"/usr/local/cargo/git/checkouts/midnight-ledger-b2f9c59d942dfdca/d495446/zswap/src/verify.rs","line":230,"message":"well_formed; self=<shielded output Commitment(b365e3e72b471401ab18beb13f10623f450d71227c1b40eba5c2f3e81dca07f3)> segment=0","diags":{"sampled":true,"span_id":"c37a59b000000012","trace_id":"b35b014b5705cf1003a13260874b5258"}}
indexer-1             | {"timestamp":"2026-08-24T15:53:08.401602+00:00","level":"INFO","target":"midnight_zswap::verify","file":"/usr/local/cargo/git/checkouts/midnight-ledger-b2f9c59d942dfdca/d495446/zswap/src/verify.rs","line":230,"message":"well_formed; self=<shielded output Commitment(b4ee6772f03693762dc8e02dd14656fba46e0a6da135c95757cd9064ee5293de)> segment=0","diags":{"sampled":true,"span_id":"c37a59b000000012","trace_id":"b35b014b5705cf1003a13260874b5258"}}
indexer-1             | {"timestamp":"2026-08-24T15:53:08.404789+00:00","level":"INFO","target":"midnight_zswap::verify","file":"/usr/local/cargo/git/checkouts/midnight-ledger-b2f9c59d942dfdca/d495446/zswap/src/verify.rs","line":230,"message":"well_formed; self=<shielded output Commitment(b78c957050f45df3558f7c3f5665584f17dc5c73d787aa487bc7cfa0f092efa4)> segment=0","diags":{"sampled":true,"span_id":"c37a59b000000012","trace_id":"b35b014b5705cf1003a13260874b5258"}}
indexer-1             | {"timestamp":"2026-08-24T15:53:08.407544+00:00","level":"INFO","target":"midnight_zswap::verify","file":"/usr/local/cargo/git/checkouts/midnight-ledger-b2f9c59d942dfdca/d495446/zswap/src/verify.rs","line":230,"message":"well_formed; self=<shielded output Commitment(bccb4d054d5bd558c3ddec1fc767867c30df8372a6aa606e02bd90ef6bff6870)> segment=0","diags":{"sampled":true,"span_id":"c37a59b000000012","trace_id":"b35b014b5705cf1003a13260874b5258"}}
indexer-1             | {"timestamp":"2026-08-24T15:53:08.410470+00:00","level":"INFO","target":"midnight_zswap::verify","file":"/usr/local/cargo/git/checkouts/midnight-ledger-b2f9c59d942dfdca/d495446/zswap/src/verify.rs","line":230,"message":"well_formed; self=<shielded output Commitment(c77e95db03c3a1cc305d937a7a97eaf5f6b57ae7084c05d3e8bf7ce7fa579cfc)> segment=0","diags":{"sampled":true,"span_id":"c37a59b000000012","trace_id":"b35b014b5705cf1003a13260874b5258"}}
indexer-1             | {"timestamp":"2026-08-24T15:53:08.413549+00:00","level":"INFO","target":"midnight_zswap::verify","file":"/usr/local/cargo/git/checkouts/midnight-ledger-b2f9c59d942dfdca/d495446/zswap/src/verify.rs","line":230,"message":"well_formed; self=<shielded output Commitment(e114132f1fd0402f7c370474174220a61adefea3bb9e1e22f80b396c559bd58c)> segment=0","diags":{"sampled":true,"span_id":"c37a59b000000012","trace_id":"b35b014b5705cf1003a13260874b5258"}}
indexer-1             | {"timestamp":"2026-08-24T15:53:08.416365+00:00","level":"INFO","target":"midnight_zswap::verify","file":"/usr/local/cargo/git/checkouts/midnight-ledger-b2f9c59d942dfdca/d495446/zswap/src/verify.rs","line":230,"message":"well_formed; self=<shielded output Commitment(e5c4e4f73aa045543e7726112eac7844b23c9bbdcb3bf00c2688647d1cb82d61)> segment=0","diags":{"sampled":true,"span_id":"c37a59b000000012","trace_id":"b35b014b5705cf1003a13260874b5258"}}
indexer-1             | {"timestamp":"2026-08-24T15:53:08.419122+00:00","level":"INFO","target":"midnight_zswap::verify","file":"/usr/local/cargo/git/checkouts/midnight-ledger-b2f9c59d942dfdca/d495446/zswap/src/verify.rs","line":230,"message":"well_formed; self=<shielded output Commitment(e6be0c916d69830644c1699291c9a661d7692c48d029bda3590be1047a725cb5)> segment=0","diags":{"sampled":true,"span_id":"c37a59b000000012","trace_id":"b35b014b5705cf1003a13260874b5258"}}
indexer-1             | {"timestamp":"2026-08-24T15:53:08.421759+00:00","level":"INFO","target":"midnight_zswap::verify","file":"/usr/local/cargo/git/checkouts/midnight-ledger-b2f9c59d942dfdca/d495446/zswap/src/verify.rs","line":230,"message":"well_formed; self=<shielded output Commitment(e9af05df671d341cd5fba47b4a5233993989932553d36b9f8cd6e3ce7ea1358f)> segment=0","diags":{"sampled":true,"span_id":"c37a59b000000012","trace_id":"b35b014b5705cf1003a13260874b5258"}}
indexer-1             | {"timestamp":"2026-08-24T15:53:08.424822+00:00","level":"INFO","target":"midnight_zswap::verify","file":"/usr/local/cargo/git/checkouts/midnight-ledger-b2f9c59d942dfdca/d495446/zswap/src/verify.rs","line":230,"message":"well_formed; self=<shielded output Commitment(f08deb9b0e335b168e1874dbc983ace8fbc9e07bc3ad7b477aa99d1dd30fea08)> segment=0","diags":{"sampled":true,"span_id":"c37a59b000000012","trace_id":"b35b014b5705cf1003a13260874b5258"}}
indexer-1             | {"timestamp":"2026-08-24T15:53:08.427315+00:00","level":"INFO","target":"midnight_zswap::verify","file":"/usr/local/cargo/git/checkouts/midnight-ledger-b2f9c59d942dfdca/d495446/zswap/src/verify.rs","line":230,"message":"well_formed; self=<shielded output Commitment(f195e897edc667a373ad295a2fce6385fb64a34614ec7ad2a68a6d1b87e6f213)> segment=0","diags":{"sampled":true,"span_id":"c37a59b000000012","trace_id":"b35b014b5705cf1003a13260874b5258"}}
indexer-1             | {"timestamp":"2026-08-24T15:53:08.430041+00:00","level":"INFO","target":"midnight_zswap::verify","file":"/usr/local/cargo/git/checkouts/midnight-ledger-b2f9c59d942dfdca/d495446/zswap/src/verify.rs","line":230,"message":"well_formed; self=<shielded output Commitment(f1e4dc9dfed1598174df762f6a6b444b96df1bfdca93847f426f29ea454fda90)> segment=0","diags":{"sampled":true,"span_id":"c37a59b000000012","trace_id":"b35b014b5705cf1003a13260874b5258"}}
indexer-1             | {"timestamp":"2026-08-24T15:53:08.432476+00:00","level":"INFO","target":"midnight_zswap::verify","file":"/usr/local/cargo/git/checkouts/midnight-ledger-b2f9c59d942dfdca/d495446/zswap/src/verify.rs","line":230,"message":"well_formed; self=<shielded output Commitment(ff09f7f2ac37c1503f165ce691cb09013f1ed6aaa52ec62a6bb59cc0a6a1f021)> segment=0","diags":{"sampled":true,"span_id":"c37a59b000000012","trace_id":"b35b014b5705cf1003a13260874b5258"}}
indexer-1             | {"timestamp":"2026-08-24T15:53:08.438137+00:00","level":"INFO","target":"midnight_ledger_v9::semantics","file":"/usr/local/cargo/git/checkouts/midnight-ledger-b2f9c59d942dfdca/85e769a/ledger/src/semantics.rs","line":1343,"message":"apply; tx=TransactionHash(0d60ae23ae44956b692b92f6e50567efdcf4e30ae571dcaff7123cddd73f7791)","diags":{"sampled":true,"span_id":"c37a59b000000012","trace_id":"b35b014b5705cf1003a13260874b5258"}}
indexer-1             | {"timestamp":"2026-08-24T15:53:08.438155+00:00","level":"INFO","target":"midnight_ledger_v9::semantics","file":"/usr/local/cargo/git/checkouts/midnight-ledger-b2f9c59d942dfdca/85e769a/ledger/src/semantics.rs","line":1364,"message":"apply_guaranteed_only; tx=TransactionHash(0d60ae23ae44956b692b92f6e50567efdcf4e30ae571dcaff7123cddd73f7791)","diags":{"sampled":true,"span_id":"c37a59b000000012","trace_id":"b35b014b5705cf1003a13260874b5258"}}
indexer-1             | {"timestamp":"2026-08-24T15:53:08.438158+00:00","level":"INFO","target":"midnight_ledger_v9::semantics","file":"/usr/local/cargo/git/checkouts/midnight-ledger-b2f9c59d942dfdca/85e769a/ledger/src/semantics.rs","line":1051,"message":"apply_section; transaction_hash=TransactionHash(0d60ae23ae44956b692b92f6e50567efdcf4e30ae571dcaff7123cddd73f7791) fees=0 segment=0","diags":{"sampled":true,"span_id":"c37a59b000000012","trace_id":"b35b014b5705cf1003a13260874b5258"}}
indexer-1             | {"timestamp":"2026-08-24T15:53:08.438274+00:00","level":"INFO","target":"tracing::span","file":"/usr/local/cargo/git/checkouts/midnight-ledger-b2f9c59d942dfdca/d495446/zswap/src/ledger.rs","line":181,"message":"try_apply;","diags":{"sampled":true,"span_id":"c37a59b000000012","trace_id":"b35b014b5705cf1003a13260874b5258"}}
indexer-1             | {"timestamp":"2026-08-24T15:53:08.438340+00:00","level":"INFO","target":"midnight_zswap::ledger","file":"/usr/local/cargo/git/checkouts/midnight-ledger-b2f9c59d942dfdca/d495446/zswap/src/ledger.rs","line":167,"message":"on_whitelist; contract=None","diags":{"sampled":true,"span_id":"c37a59b000000012","trace_id":"b35b014b5705cf1003a13260874b5258"}}
indexer-1             | {"timestamp":"2026-08-24T15:53:08.438409+00:00","level":"INFO","target":"midnight_zswap::ledger","file":"/usr/local/cargo/git/checkouts/midnight-ledger-b2f9c59d942dfdca/d495446/zswap/src/ledger.rs","line":167,"message":"on_whitelist; contract=None","diags":{"sampled":true,"span_id":"c37a59b000000012","trace_id":"b35b014b5705cf1003a13260874b5258"}}
indexer-1             | {"timestamp":"2026-08-24T15:53:08.438451+00:00","level":"INFO","target":"midnight_zswap::ledger","file":"/usr/local/cargo/git/checkouts/midnight-ledger-b2f9c59d942dfdca/d495446/zswap/src/ledger.rs","line":167,"message":"on_whitelist; contract=None","diags":{"sampled":true,"span_id":"c37a59b000000012","trace_id":"b35b014b5705cf1003a13260874b5258"}}
indexer-1             | {"timestamp":"2026-08-24T15:53:08.438504+00:00","level":"INFO","target":"midnight_zswap::ledger","file":"/usr/local/cargo/git/checkouts/midnight-ledger-b2f9c59d942dfdca/d495446/zswap/src/ledger.rs","line":167,"message":"on_whitelist; contract=None","diags":{"sampled":true,"span_id":"c37a59b000000012","trace_id":"b35b014b5705cf1003a13260874b5258"}}
indexer-1             | {"timestamp":"2026-08-24T15:53:08.438540+00:00","level":"INFO","target":"midnight_zswap::ledger","file":"/usr/local/cargo/git/checkouts/midnight-ledger-b2f9c59d942dfdca/d495446/zswap/src/ledger.rs","line":167,"message":"on_whitelist; contract=None","diags":{"sampled":true,"span_id":"c37a59b000000012","trace_id":"b35b014b5705cf1003a13260874b5258"}}
indexer-1             | {"timestamp":"2026-08-24T15:53:08.438574+00:00","level":"INFO","target":"midnight_zswap::ledger","file":"/usr/local/cargo/git/checkouts/midnight-ledger-b2f9c59d942dfdca/d495446/zswap/src/ledger.rs","line":167,"message":"on_whitelist; contract=None","diags":{"sampled":true,"span_id":"c37a59b000000012","trace_id":"b35b014b5705cf1003a13260874b5258"}}
indexer-1             | {"timestamp":"2026-08-24T15:53:08.438608+00:00","level":"INFO","target":"midnight_zswap::ledger","file":"/usr/local/cargo/git/checkouts/midnight-ledger-b2f9c59d942dfdca/d495446/zswap/src/ledger.rs","line":167,"message":"on_whitelist; contract=None","diags":{"sampled":true,"span_id":"c37a59b000000012","trace_id":"b35b014b5705cf1003a13260874b5258"}}
indexer-1             | {"timestamp":"2026-08-24T15:53:08.438649+00:00","level":"INFO","target":"midnight_zswap::ledger","file":"/usr/local/cargo/git/checkouts/midnight-ledger-b2f9c59d942dfdca/d495446/zswap/src/ledger.rs","line":167,"message":"on_whitelist; contract=None","diags":{"sampled":true,"span_id":"c37a59b000000012","trace_id":"b35b014b5705cf1003a13260874b5258"}}
indexer-1             | {"timestamp":"2026-08-24T15:53:08.438686+00:00","level":"INFO","target":"midnight_zswap::ledger","file":"/usr/local/cargo/git/checkouts/midnight-ledger-b2f9c59d942dfdca/d495446/zswap/src/ledger.rs","line":167,"message":"on_whitelist; contract=None","diags":{"sampled":true,"span_id":"c37a59b000000012","trace_id":"b35b014b5705cf1003a13260874b5258"}}
indexer-1             | {"timestamp":"2026-08-24T15:53:08.438731+00:00","level":"INFO","target":"midnight_zswap::ledger","file":"/usr/local/cargo/git/checkouts/midnight-ledger-b2f9c59d942dfdca/d495446/zswap/src/ledger.rs","line":167,"message":"on_whitelist; contract=None","diags":{"sampled":true,"span_id":"c37a59b000000012","trace_id":"b35b014b5705cf1003a13260874b5258"}}
indexer-1             | {"timestamp":"2026-08-24T15:53:08.438767+00:00","level":"INFO","target":"midnight_zswap::ledger","file":"/usr/local/cargo/git/checkouts/midnight-ledger-b2f9c59d942dfdca/d495446/zswap/src/ledger.rs","line":167,"message":"on_whitelist; contract=None","diags":{"sampled":true,"span_id":"c37a59b000000012","trace_id":"b35b014b5705cf1003a13260874b5258"}}
indexer-1             | {"timestamp":"2026-08-24T15:53:08.438812+00:00","level":"INFO","target":"midnight_zswap::ledger","file":"/usr/local/cargo/git/checkouts/midnight-ledger-b2f9c59d942dfdca/d495446/zswap/src/ledger.rs","line":167,"message":"on_whitelist; contract=None","diags":{"sampled":true,"span_id":"c37a59b000000012","trace_id":"b35b014b5705cf1003a13260874b5258"}}
indexer-1             | {"timestamp":"2026-08-24T15:53:08.438867+00:00","level":"INFO","target":"midnight_zswap::ledger","file":"/usr/local/cargo/git/checkouts/midnight-ledger-b2f9c59d942dfdca/d495446/zswap/src/ledger.rs","line":167,"message":"on_whitelist; contract=None","diags":{"sampled":true,"span_id":"c37a59b000000012","trace_id":"b35b014b5705cf1003a13260874b5258"}}
indexer-1             | {"timestamp":"2026-08-24T15:53:08.438916+00:00","level":"INFO","target":"midnight_zswap::ledger","file":"/usr/local/cargo/git/checkouts/midnight-ledger-b2f9c59d942dfdca/d495446/zswap/src/ledger.rs","line":167,"message":"on_whitelist; contract=None","diags":{"sampled":true,"span_id":"c37a59b000000012","trace_id":"b35b014b5705cf1003a13260874b5258"}}
indexer-1             | {"timestamp":"2026-08-24T15:53:08.438961+00:00","level":"INFO","target":"midnight_zswap::ledger","file":"/usr/local/cargo/git/checkouts/midnight-ledger-b2f9c59d942dfdca/d495446/zswap/src/ledger.rs","line":167,"message":"on_whitelist; contract=None","diags":{"sampled":true,"span_id":"c37a59b000000012","trace_id":"b35b014b5705cf1003a13260874b5258"}}
indexer-1             | {"timestamp":"2026-08-24T15:53:08.439023+00:00","level":"INFO","target":"midnight_zswap::ledger","file":"/usr/local/cargo/git/checkouts/midnight-ledger-b2f9c59d942dfdca/d495446/zswap/src/ledger.rs","line":167,"message":"on_whitelist; contract=None","diags":{"sampled":true,"span_id":"c37a59b000000012","trace_id":"b35b014b5705cf1003a13260874b5258"}}
indexer-1             | {"timestamp":"2026-08-24T15:53:08.439092+00:00","level":"INFO","target":"midnight_zswap::ledger","file":"/usr/local/cargo/git/checkouts/midnight-ledger-b2f9c59d942dfdca/d495446/zswap/src/ledger.rs","line":167,"message":"on_whitelist; contract=None","diags":{"sampled":true,"span_id":"c37a59b000000012","trace_id":"b35b014b5705cf1003a13260874b5258"}}
indexer-1             | {"timestamp":"2026-08-24T15:53:08.439164+00:00","level":"INFO","target":"midnight_zswap::ledger","file":"/usr/local/cargo/git/checkouts/midnight-ledger-b2f9c59d942dfdca/d495446/zswap/src/ledger.rs","line":167,"message":"on_whitelist; contract=None","diags":{"sampled":true,"span_id":"c37a59b000000012","trace_id":"b35b014b5705cf1003a13260874b5258"}}
indexer-1             | {"timestamp":"2026-08-24T15:53:08.439239+00:00","level":"INFO","target":"midnight_zswap::ledger","file":"/usr/local/cargo/git/checkouts/midnight-ledger-b2f9c59d942dfdca/d495446/zswap/src/ledger.rs","line":167,"message":"on_whitelist; contract=None","diags":{"sampled":true,"span_id":"c37a59b000000012","trace_id":"b35b014b5705cf1003a13260874b5258"}}
indexer-1             | {"timestamp":"2026-08-24T15:53:08.439300+00:00","level":"INFO","target":"midnight_zswap::ledger","file":"/usr/local/cargo/git/checkouts/midnight-ledger-b2f9c59d942dfdca/d495446/zswap/src/ledger.rs","line":167,"message":"on_whitelist; contract=None","diags":{"sampled":true,"span_id":"c37a59b000000012","trace_id":"b35b014b5705cf1003a13260874b5258"}}
indexer-1             | {"timestamp":"2026-08-24T15:53:08.439339+00:00","level":"INFO","target":"midnight_zswap::ledger","file":"/usr/local/cargo/git/checkouts/midnight-ledger-b2f9c59d942dfdca/d495446/zswap/src/ledger.rs","line":167,"message":"on_whitelist; contract=None","diags":{"sampled":true,"span_id":"c37a59b000000012","trace_id":"b35b014b5705cf1003a13260874b5258"}}
indexer-1             | {"timestamp":"2026-08-24T15:53:08.439379+00:00","level":"INFO","target":"midnight_zswap::ledger","file":"/usr/local/cargo/git/checkouts/midnight-ledger-b2f9c59d942dfdca/d495446/zswap/src/ledger.rs","line":167,"message":"on_whitelist; contract=None","diags":{"sampled":true,"span_id":"c37a59b000000012","trace_id":"b35b014b5705cf1003a13260874b5258"}}
indexer-1             | {"timestamp":"2026-08-24T15:53:08.439424+00:00","level":"INFO","target":"midnight_zswap::ledger","file":"/usr/local/cargo/git/checkouts/midnight-ledger-b2f9c59d942dfdca/d495446/zswap/src/ledger.rs","line":167,"message":"on_whitelist; contract=None","diags":{"sampled":true,"span_id":"c37a59b000000012","trace_id":"b35b014b5705cf1003a13260874b5258"}}
indexer-1             | {"timestamp":"2026-08-24T15:53:08.439465+00:00","level":"INFO","target":"midnight_zswap::ledger","file":"/usr/local/cargo/git/checkouts/midnight-ledger-b2f9c59d942dfdca/d495446/zswap/src/ledger.rs","line":167,"message":"on_whitelist; contract=None","diags":{"sampled":true,"span_id":"c37a59b000000012","trace_id":"b35b014b5705cf1003a13260874b5258"}}
indexer-1             | {"timestamp":"2026-08-24T15:53:08.439511+00:00","level":"INFO","target":"midnight_zswap::ledger","file":"/usr/local/cargo/git/checkouts/midnight-ledger-b2f9c59d942dfdca/d495446/zswap/src/ledger.rs","line":167,"message":"on_whitelist; contract=None","diags":{"sampled":true,"span_id":"c37a59b000000012","trace_id":"b35b014b5705cf1003a13260874b5258"}}
indexer-1             | {"timestamp":"2026-08-24T15:53:08.439555+00:00","level":"INFO","target":"midnight_zswap::ledger","file":"/usr/local/cargo/git/checkouts/midnight-ledger-b2f9c59d942dfdca/d495446/zswap/src/ledger.rs","line":167,"message":"on_whitelist; contract=None","diags":{"sampled":true,"span_id":"c37a59b000000012","trace_id":"b35b014b5705cf1003a13260874b5258"}}
indexer-1             | {"timestamp":"2026-08-24T15:53:08.439606+00:00","level":"INFO","target":"midnight_zswap::ledger","file":"/usr/local/cargo/git/checkouts/midnight-ledger-b2f9c59d942dfdca/d495446/zswap/src/ledger.rs","line":167,"message":"on_whitelist; contract=None","diags":{"sampled":true,"span_id":"c37a59b000000012","trace_id":"b35b014b5705cf1003a13260874b5258"}}
indexer-1             | {"timestamp":"2026-08-24T15:53:08.439681+00:00","level":"INFO","target":"midnight_zswap::ledger","file":"/usr/local/cargo/git/checkouts/midnight-ledger-b2f9c59d942dfdca/d495446/zswap/src/ledger.rs","line":167,"message":"on_whitelist; contract=None","diags":{"sampled":true,"span_id":"c37a59b000000012","trace_id":"b35b014b5705cf1003a13260874b5258"}}
indexer-1             | {"timestamp":"2026-08-24T15:53:08.439930+00:00","level":"INFO","target":"midnight_ledger_v9::semantics","file":"/usr/local/cargo/git/checkouts/midnight-ledger-b2f9c59d942dfdca/85e769a/ledger/src/semantics.rs","line":1051,"message":"apply_section; transaction_hash=TransactionHash(0d60ae23ae44956b692b92f6e50567efdcf4e30ae571dcaff7123cddd73f7791) fees=0 segment=1","diags":{"sampled":true,"span_id":"c37a59b000000012","trace_id":"b35b014b5705cf1003a13260874b5258"}}
indexer-1             | {"timestamp":"2026-08-24T15:53:08.441890+00:00","level":"INFO","target":"midnight_ledger_v9::verify","file":"/usr/local/cargo/git/checkouts/midnight-ledger-b2f9c59d942dfdca/85e769a/ledger/src/verify.rs","line":603,"message":"well_formed; strictness=WellFormedStrictness { enforce_balancing: false, verify_native_proofs: true, verify_contract_proofs: true, verify_signatures: true, enforce_limits: true, proof_verification_mode: Real } tblock=Timestamp(1754395200) self=4bfed1943ba73f8d57c3b1d85154f96ee2c17f8e54a0b64db6f1e82579264ace ref_state=788bc5fd3ceeb298bd2320f443a3d496bd3bae15401ad53e42022de3023042a9","diags":{"sampled":true,"span_id":"c37a59b000000071","trace_id":"b35b014b5705cf1003a13260874b5258"}}
indexer-1             | {"timestamp":"2026-08-24T15:53:08.441945+00:00","level":"INFO","target":"midnight_ledger_v9::semantics","file":"/usr/local/cargo/git/checkouts/midnight-ledger-b2f9c59d942dfdca/85e769a/ledger/src/semantics.rs","line":1343,"message":"apply; tx=TransactionHash(4bfed1943ba73f8d57c3b1d85154f96ee2c17f8e54a0b64db6f1e82579264ace)","diags":{"sampled":true,"span_id":"c37a59b000000071","trace_id":"b35b014b5705cf1003a13260874b5258"}}
indexer-1             | {"timestamp":"2026-08-24T15:53:08.441950+00:00","level":"INFO","target":"midnight_ledger_v9::semantics","file":"/usr/local/cargo/git/checkouts/midnight-ledger-b2f9c59d942dfdca/85e769a/ledger/src/semantics.rs","line":1364,"message":"apply_guaranteed_only; tx=TransactionHash(4bfed1943ba73f8d57c3b1d85154f96ee2c17f8e54a0b64db6f1e82579264ace)","diags":{"sampled":true,"span_id":"c37a59b000000071","trace_id":"b35b014b5705cf1003a13260874b5258"}}
indexer-1             | {"timestamp":"2026-08-24T15:53:08.443901+00:00","level":"INFO","target":"midnight_ledger_v9::verify","file":"/usr/local/cargo/git/checkouts/midnight-ledger-b2f9c59d942dfdca/85e769a/ledger/src/verify.rs","line":603,"message":"well_formed; strictness=WellFormedStrictness { enforce_balancing: false, verify_native_proofs: true, verify_contract_proofs: true, verify_signatures: true, enforce_limits: true, proof_verification_mode: Real } tblock=Timestamp(1754395200) self=af07730dc90a5aba3bbecbf27126b93662bfe34f1dd69e9ed6f3d7ede50b8b7d ref_state=1db678fe5a82bb03211d52bb074fdbd3fafd6ffc4b1c2a086b25eefd1bcae75e","diags":{"sampled":true,"span_id":"c37a59b00000007b","trace_id":"b35b014b5705cf1003a13260874b5258"}}
indexer-1             | {"timestamp":"2026-08-24T15:53:08.443948+00:00","level":"INFO","target":"midnight_ledger_v9::semantics","file":"/usr/local/cargo/git/checkouts/midnight-ledger-b2f9c59d942dfdca/85e769a/ledger/src/semantics.rs","line":1343,"message":"apply; tx=TransactionHash(af07730dc90a5aba3bbecbf27126b93662bfe34f1dd69e9ed6f3d7ede50b8b7d)","diags":{"sampled":true,"span_id":"c37a59b00000007b","trace_id":"b35b014b5705cf1003a13260874b5258"}}
indexer-1             | {"timestamp":"2026-08-24T15:53:08.443954+00:00","level":"INFO","target":"midnight_ledger_v9::semantics","file":"/usr/local/cargo/git/checkouts/midnight-ledger-b2f9c59d942dfdca/85e769a/ledger/src/semantics.rs","line":1364,"message":"apply_guaranteed_only; tx=TransactionHash(af07730dc90a5aba3bbecbf27126b93662bfe34f1dd69e9ed6f3d7ede50b8b7d)","diags":{"sampled":true,"span_id":"c37a59b00000007b","trace_id":"b35b014b5705cf1003a13260874b5258"}}
indexer-1             | {"timestamp":"2026-08-24T15:53:08.445892+00:00","level":"INFO","target":"midnight_ledger_v9::verify","file":"/usr/local/cargo/git/checkouts/midnight-ledger-b2f9c59d942dfdca/85e769a/ledger/src/verify.rs","line":603,"message":"well_formed; strictness=WellFormedStrictness { enforce_balancing: false, verify_native_proofs: true, verify_contract_proofs: true, verify_signatures: true, enforce_limits: true, proof_verification_mode: Real } tblock=Timestamp(1754395200) self=a882ae5dcfbebbb711565729e45f80ae161ff59f7a1d8393a0e5ddeb4b9c076a ref_state=94e4a606c0160b2315245b4a78e7101922fedef08f181bb2819ebf3057b20701","diags":{"sampled":true,"span_id":"c37a59b000000085","trace_id":"b35b014b5705cf1003a13260874b5258"}}
indexer-1             | {"timestamp":"2026-08-24T15:53:08.445940+00:00","level":"INFO","target":"midnight_ledger_v9::semantics","file":"/usr/local/cargo/git/checkouts/midnight-ledger-b2f9c59d942dfdca/85e769a/ledger/src/semantics.rs","line":1343,"message":"apply; tx=TransactionHash(a882ae5dcfbebbb711565729e45f80ae161ff59f7a1d8393a0e5ddeb4b9c076a)","diags":{"sampled":true,"span_id":"c37a59b000000085","trace_id":"b35b014b5705cf1003a13260874b5258"}}
indexer-1             | {"timestamp":"2026-08-24T15:53:08.445946+00:00","level":"INFO","target":"midnight_ledger_v9::semantics","file":"/usr/local/cargo/git/checkouts/midnight-ledger-b2f9c59d942dfdca/85e769a/ledger/src/semantics.rs","line":1364,"message":"apply_guaranteed_only; tx=TransactionHash(a882ae5dcfbebbb711565729e45f80ae161ff59f7a1d8393a0e5ddeb4b9c076a)","diags":{"sampled":true,"span_id":"c37a59b000000085","trace_id":"b35b014b5705cf1003a13260874b5258"}}
indexer-1             | {"timestamp":"2026-08-24T15:53:08.448290+00:00","level":"INFO","target":"midnight_ledger_v9::verify","file":"/usr/local/cargo/git/checkouts/midnight-ledger-b2f9c59d942dfdca/85e769a/ledger/src/verify.rs","line":603,"message":"well_formed; strictness=WellFormedStrictness { enforce_balancing: false, verify_native_proofs: true, verify_contract_proofs: true, verify_signatures: true, enforce_limits: true, proof_verification_mode: Real } tblock=Timestamp(1754395200) self=f802eef0080a85f5659b72001d32c40564cf90f04df3c7e938c6feb16f12dde0 ref_state=b73ac8d7280a5e271f31f3e746455a0b6e2883fcf476de728e873e1a839d966e","diags":{"sampled":true,"span_id":"c37a59b00000008f","trace_id":"b35b014b5705cf1003a13260874b5258"}}
indexer-1             | {"timestamp":"2026-08-24T15:53:08.448360+00:00","level":"INFO","target":"midnight_ledger_v9::semantics","file":"/usr/local/cargo/git/checkouts/midnight-ledger-b2f9c59d942dfdca/85e769a/ledger/src/semantics.rs","line":1343,"message":"apply; tx=TransactionHash(f802eef0080a85f5659b72001d32c40564cf90f04df3c7e938c6feb16f12dde0)","diags":{"sampled":true,"span_id":"c37a59b00000008f","trace_id":"b35b014b5705cf1003a13260874b5258"}}
indexer-1             | {"timestamp":"2026-08-24T15:53:08.448365+00:00","level":"INFO","target":"midnight_ledger_v9::semantics","file":"/usr/local/cargo/git/checkouts/midnight-ledger-b2f9c59d942dfdca/85e769a/ledger/src/semantics.rs","line":1364,"message":"apply_guaranteed_only; tx=TransactionHash(f802eef0080a85f5659b72001d32c40564cf90f04df3c7e938c6feb16f12dde0)","diags":{"sampled":true,"span_id":"c37a59b00000008f","trace_id":"b35b014b5705cf1003a13260874b5258"}}
indexer-1             | {"timestamp":"2026-08-24T15:53:08.450573+00:00","level":"INFO","target":"midnight_ledger_v9::verify","file":"/usr/local/cargo/git/checkouts/midnight-ledger-b2f9c59d942dfdca/85e769a/ledger/src/verify.rs","line":603,"message":"well_formed; strictness=WellFormedStrictness { enforce_balancing: false, verify_native_proofs: true, verify_contract_proofs: true, verify_signatures: true, enforce_limits: true, proof_verification_mode: Real } tblock=Timestamp(1754395200) self=11f5c775fd438271d9ff8ccc82d5f3ff0bcb537101d2741c72806657c277c3e4 ref_state=9eb97eb3d6e999e09e59ac055d13f2734548d35b391e815f7582363e933eee7f","diags":{"sampled":true,"span_id":"c37a59b000000099","trace_id":"b35b014b5705cf1003a13260874b5258"}}
indexer-1             | {"timestamp":"2026-08-24T15:53:08.450655+00:00","level":"INFO","target":"midnight_ledger_v9::semantics","file":"/usr/local/cargo/git/checkouts/midnight-ledger-b2f9c59d942dfdca/85e769a/ledger/src/semantics.rs","line":1343,"message":"apply; tx=TransactionHash(11f5c775fd438271d9ff8ccc82d5f3ff0bcb537101d2741c72806657c277c3e4)","diags":{"sampled":true,"span_id":"c37a59b000000099","trace_id":"b35b014b5705cf1003a13260874b5258"}}
indexer-1             | {"timestamp":"2026-08-24T15:53:08.450663+00:00","level":"INFO","target":"midnight_ledger_v9::semantics","file":"/usr/local/cargo/git/checkouts/midnight-ledger-b2f9c59d942dfdca/85e769a/ledger/src/semantics.rs","line":1364,"message":"apply_guaranteed_only; tx=TransactionHash(11f5c775fd438271d9ff8ccc82d5f3ff0bcb537101d2741c72806657c277c3e4)","diags":{"sampled":true,"span_id":"c37a59b000000099","trace_id":"b35b014b5705cf1003a13260874b5258"}}
indexer-1             | {"timestamp":"2026-08-24T15:53:08.452773+00:00","level":"INFO","target":"midnight_ledger_v9::verify","file":"/usr/local/cargo/git/checkouts/midnight-ledger-b2f9c59d942dfdca/85e769a/ledger/src/verify.rs","line":603,"message":"well_formed; strictness=WellFormedStrictness { enforce_balancing: false, verify_native_proofs: true, verify_contract_proofs: true, verify_signatures: true, enforce_limits: true, proof_verification_mode: Real } tblock=Timestamp(1754395200) self=6daeddd5ce43f294121f2cba141ef88156817a5235763773ba6eee09554cade8 ref_state=afcb5966c66fa1b197b9f88c3d9c2fae70b997d4c6682886123a4fa0819a695c","diags":{"sampled":true,"span_id":"c37a59b0000000a3","trace_id":"b35b014b5705cf1003a13260874b5258"}}
indexer-1             | {"timestamp":"2026-08-24T15:53:08.452849+00:00","level":"INFO","target":"midnight_ledger_v9::semantics","file":"/usr/local/cargo/git/checkouts/midnight-ledger-b2f9c59d942dfdca/85e769a/ledger/src/semantics.rs","line":1343,"message":"apply; tx=TransactionHash(6daeddd5ce43f294121f2cba141ef88156817a5235763773ba6eee09554cade8)","diags":{"sampled":true,"span_id":"c37a59b0000000a3","trace_id":"b35b014b5705cf1003a13260874b5258"}}
indexer-1             | {"timestamp":"2026-08-24T15:53:08.452855+00:00","level":"INFO","target":"midnight_ledger_v9::semantics","file":"/usr/local/cargo/git/checkouts/midnight-ledger-b2f9c59d942dfdca/85e769a/ledger/src/semantics.rs","line":1364,"message":"apply_guaranteed_only; tx=TransactionHash(6daeddd5ce43f294121f2cba141ef88156817a5235763773ba6eee09554cade8)","diags":{"sampled":true,"span_id":"c37a59b0000000a3","trace_id":"b35b014b5705cf1003a13260874b5258"}}
indexer-1             | {"timestamp":"2026-08-24T15:53:08.454853+00:00","level":"INFO","target":"midnight_ledger_v9::verify","file":"/usr/local/cargo/git/checkouts/midnight-ledger-b2f9c59d942dfdca/85e769a/ledger/src/verify.rs","line":603,"message":"well_formed; strictness=WellFormedStrictness { enforce_balancing: false, verify_native_proofs: true, verify_contract_proofs: true, verify_signatures: true, enforce_limits: true, proof_verification_mode: Real } tblock=Timestamp(1754395200) self=8086272a509a3c0d1f78d26bfbd30f037a474dadd62830f53c401d7f9f85cb3c ref_state=fe3762253185ebc581a7ee86350011dce9f2e4d4ad2e14cfd32d670161d7458c","diags":{"sampled":true,"span_id":"c37a59b0000000ad","trace_id":"b35b014b5705cf1003a13260874b5258"}}
indexer-1             | {"timestamp":"2026-08-24T15:53:08.454912+00:00","level":"INFO","target":"midnight_ledger_v9::semantics","file":"/usr/local/cargo/git/checkouts/midnight-ledger-b2f9c59d942dfdca/85e769a/ledger/src/semantics.rs","line":1343,"message":"apply; tx=TransactionHash(8086272a509a3c0d1f78d26bfbd30f037a474dadd62830f53c401d7f9f85cb3c)","diags":{"sampled":true,"span_id":"c37a59b0000000ad","trace_id":"b35b014b5705cf1003a13260874b5258"}}
indexer-1             | {"timestamp":"2026-08-24T15:53:08.454917+00:00","level":"INFO","target":"midnight_ledger_v9::semantics","file":"/usr/local/cargo/git/checkouts/midnight-ledger-b2f9c59d942dfdca/85e769a/ledger/src/semantics.rs","line":1364,"message":"apply_guaranteed_only; tx=TransactionHash(8086272a509a3c0d1f78d26bfbd30f037a474dadd62830f53c401d7f9f85cb3c)","diags":{"sampled":true,"span_id":"c37a59b0000000ad","trace_id":"b35b014b5705cf1003a13260874b5258"}}
indexer-1             | {"timestamp":"2026-08-24T15:53:08.456867+00:00","level":"INFO","target":"midnight_ledger_v9::verify","file":"/usr/local/cargo/git/checkouts/midnight-ledger-b2f9c59d942dfdca/85e769a/ledger/src/verify.rs","line":603,"message":"well_formed; strictness=WellFormedStrictness { enforce_balancing: false, verify_native_proofs: true, verify_contract_proofs: true, verify_signatures: true, enforce_limits: true, proof_verification_mode: Real } tblock=Timestamp(1754395200) self=89f4a5b1133ecb4b0b128ada899550c941077a014fc1d463be8f9e076ab985b7 ref_state=c2e4e95f89dfc8980330e3e517d11c6df3263a2e0696688c295818e262bff186","diags":{"sampled":true,"span_id":"c37a59b0000000b7","trace_id":"b35b014b5705cf1003a13260874b5258"}}
indexer-1             | {"timestamp":"2026-08-24T15:53:08.456925+00:00","level":"INFO","target":"midnight_ledger_v9::semantics","file":"/usr/local/cargo/git/checkouts/midnight-ledger-b2f9c59d942dfdca/85e769a/ledger/src/semantics.rs","line":1343,"message":"apply; tx=TransactionHash(89f4a5b1133ecb4b0b128ada899550c941077a014fc1d463be8f9e076ab985b7)","diags":{"sampled":true,"span_id":"c37a59b0000000b7","trace_id":"b35b014b5705cf1003a13260874b5258"}}
indexer-1             | {"timestamp":"2026-08-24T15:53:08.456929+00:00","level":"INFO","target":"midnight_ledger_v9::semantics","file":"/usr/local/cargo/git/checkouts/midnight-ledger-b2f9c59d942dfdca/85e769a/ledger/src/semantics.rs","line":1364,"message":"apply_guaranteed_only; tx=TransactionHash(89f4a5b1133ecb4b0b128ada899550c941077a014fc1d463be8f9e076ab985b7)","diags":{"sampled":true,"span_id":"c37a59b0000000b7","trace_id":"b35b014b5705cf1003a13260874b5258"}}
indexer-1             | {"timestamp":"2026-08-24T15:53:08.458909+00:00","level":"INFO","target":"midnight_ledger_v9::verify","file":"/usr/local/cargo/git/checkouts/midnight-ledger-b2f9c59d942dfdca/85e769a/ledger/src/verify.rs","line":603,"message":"well_formed; strictness=WellFormedStrictness { enforce_balancing: false, verify_native_proofs: true, verify_contract_proofs: true, verify_signatures: true, enforce_limits: true, proof_verification_mode: Real } tblock=Timestamp(1754395200) self=60218985be2a791e6c278b0f3583ebf1e99c5707c50a4e6932461b3b84072de9 ref_state=fdf7e1960f8894985bca50a2220bb963e0b534cf2963ecd0d1c36a1e18e0ec7f","diags":{"sampled":true,"span_id":"c37a59b0000000c1","trace_id":"b35b014b5705cf1003a13260874b5258"}}
indexer-1             | {"timestamp":"2026-08-24T15:53:08.458967+00:00","level":"INFO","target":"midnight_ledger_v9::semantics","file":"/usr/local/cargo/git/checkouts/midnight-ledger-b2f9c59d942dfdca/85e769a/ledger/src/semantics.rs","line":1343,"message":"apply; tx=TransactionHash(60218985be2a791e6c278b0f3583ebf1e99c5707c50a4e6932461b3b84072de9)","diags":{"sampled":true,"span_id":"c37a59b0000000c1","trace_id":"b35b014b5705cf1003a13260874b5258"}}
indexer-1             | {"timestamp":"2026-08-24T15:53:08.458971+00:00","level":"INFO","target":"midnight_ledger_v9::semantics","file":"/usr/local/cargo/git/checkouts/midnight-ledger-b2f9c59d942dfdca/85e769a/ledger/src/semantics.rs","line":1364,"message":"apply_guaranteed_only; tx=TransactionHash(60218985be2a791e6c278b0f3583ebf1e99c5707c50a4e6932461b3b84072de9)","diags":{"sampled":true,"span_id":"c37a59b0000000c1","trace_id":"b35b014b5705cf1003a13260874b5258"}}
indexer-1             | {"timestamp":"2026-08-24T15:53:08.460991+00:00","level":"INFO","target":"midnight_ledger_v9::verify","file":"/usr/local/cargo/git/checkouts/midnight-ledger-b2f9c59d942dfdca/85e769a/ledger/src/verify.rs","line":603,"message":"well_formed; strictness=WellFormedStrictness { enforce_balancing: false, verify_native_proofs: true, verify_contract_proofs: true, verify_signatures: true, enforce_limits: true, proof_verification_mode: Real } tblock=Timestamp(1754395200) self=265e75a540bbe991071bb39c0ba240451adbb61bf6abc777ab1c623a76e8f611 ref_state=6432dbe528dbd6e9f0547cc85e1a2bd3df1bd452ad8e36131e011bdb468cc69d","diags":{"sampled":true,"span_id":"c37a59b0000000cb","trace_id":"b35b014b5705cf1003a13260874b5258"}}
indexer-1             | {"timestamp":"2026-08-24T15:53:08.461056+00:00","level":"INFO","target":"midnight_ledger_v9::semantics","file":"/usr/local/cargo/git/checkouts/midnight-ledger-b2f9c59d942dfdca/85e769a/ledger/src/semantics.rs","line":1343,"message":"apply; tx=TransactionHash(265e75a540bbe991071bb39c0ba240451adbb61bf6abc777ab1c623a76e8f611)","diags":{"sampled":true,"span_id":"c37a59b0000000cb","trace_id":"b35b014b5705cf1003a13260874b5258"}}
indexer-1             | {"timestamp":"2026-08-24T15:53:08.461061+00:00","level":"INFO","target":"midnight_ledger_v9::semantics","file":"/usr/local/cargo/git/checkouts/midnight-ledger-b2f9c59d942dfdca/85e769a/ledger/src/semantics.rs","line":1364,"message":"apply_guaranteed_only; tx=TransactionHash(265e75a540bbe991071bb39c0ba240451adbb61bf6abc777ab1c623a76e8f611)","diags":{"sampled":true,"span_id":"c37a59b0000000cb","trace_id":"b35b014b5705cf1003a13260874b5258"}}
indexer-1             | {"timestamp":"2026-08-24T15:53:08.463005+00:00","level":"INFO","target":"midnight_ledger_v9::verify","file":"/usr/local/cargo/git/checkouts/midnight-ledger-b2f9c59d942dfdca/85e769a/ledger/src/verify.rs","line":603,"message":"well_formed; strictness=WellFormedStrictness { enforce_balancing: false, verify_native_proofs: true, verify_contract_proofs: true, verify_signatures: true, enforce_limits: true, proof_verification_mode: Real } tblock=Timestamp(1754395200) self=2fc30b3428698955918824abca1e4e9954f6b0710603f938b170498de98b7c07 ref_state=09a7331d9068d25f4712a9399873d90515a5f78c4d74670ad68568324e23ac89","diags":{"sampled":true,"span_id":"c37a59b0000000d5","trace_id":"b35b014b5705cf1003a13260874b5258"}}
indexer-1             | {"timestamp":"2026-08-24T15:53:08.463065+00:00","level":"INFO","target":"midnight_ledger_v9::semantics","file":"/usr/local/cargo/git/checkouts/midnight-ledger-b2f9c59d942dfdca/85e769a/ledger/src/semantics.rs","line":1343,"message":"apply; tx=TransactionHash(2fc30b3428698955918824abca1e4e9954f6b0710603f938b170498de98b7c07)","diags":{"sampled":true,"span_id":"c37a59b0000000d5","trace_id":"b35b014b5705cf1003a13260874b5258"}}
indexer-1             | {"timestamp":"2026-08-24T15:53:08.463069+00:00","level":"INFO","target":"midnight_ledger_v9::semantics","file":"/usr/local/cargo/git/checkouts/midnight-ledger-b2f9c59d942dfdca/85e769a/ledger/src/semantics.rs","line":1364,"message":"apply_guaranteed_only; tx=TransactionHash(2fc30b3428698955918824abca1e4e9954f6b0710603f938b170498de98b7c07)","diags":{"sampled":true,"span_id":"c37a59b0000000d5","trace_id":"b35b014b5705cf1003a13260874b5258"}}
indexer-1             | {"timestamp":"2026-08-24T15:53:08.465061+00:00","level":"INFO","target":"midnight_ledger_v9::verify","file":"/usr/local/cargo/git/checkouts/midnight-ledger-b2f9c59d942dfdca/85e769a/ledger/src/verify.rs","line":603,"message":"well_formed; strictness=WellFormedStrictness { enforce_balancing: false, verify_native_proofs: true, verify_contract_proofs: true, verify_signatures: true, enforce_limits: true, proof_verification_mode: Real } tblock=Timestamp(1754395200) self=66245c7425b75c280368b615c1bc95a47cdb53b2b2ea3e71f2fa331cef751f9e ref_state=8f3379b5ca8de8f7dec51add9ac78baca7a0ec87498ea348040de12996629566","diags":{"sampled":true,"span_id":"c37a59b0000000df","trace_id":"b35b014b5705cf1003a13260874b5258"}}
indexer-1             | {"timestamp":"2026-08-24T15:53:08.465117+00:00","level":"INFO","target":"midnight_ledger_v9::semantics","file":"/usr/local/cargo/git/checkouts/midnight-ledger-b2f9c59d942dfdca/85e769a/ledger/src/semantics.rs","line":1343,"message":"apply; tx=TransactionHash(66245c7425b75c280368b615c1bc95a47cdb53b2b2ea3e71f2fa331cef751f9e)","diags":{"sampled":true,"span_id":"c37a59b0000000df","trace_id":"b35b014b5705cf1003a13260874b5258"}}
indexer-1             | {"timestamp":"2026-08-24T15:53:08.465121+00:00","level":"INFO","target":"midnight_ledger_v9::semantics","file":"/usr/local/cargo/git/checkouts/midnight-ledger-b2f9c59d942dfdca/85e769a/ledger/src/semantics.rs","line":1364,"message":"apply_guaranteed_only; tx=TransactionHash(66245c7425b75c280368b615c1bc95a47cdb53b2b2ea3e71f2fa331cef751f9e)","diags":{"sampled":true,"span_id":"c37a59b0000000df","trace_id":"b35b014b5705cf1003a13260874b5258"}}
indexer-1             | {"timestamp":"2026-08-24T15:53:08.467126+00:00","level":"INFO","target":"midnight_ledger_v9::verify","file":"/usr/local/cargo/git/checkouts/midnight-ledger-b2f9c59d942dfdca/85e769a/ledger/src/verify.rs","line":603,"message":"well_formed; strictness=WellFormedStrictness { enforce_balancing: false, verify_native_proofs: true, verify_contract_proofs: true, verify_signatures: true, enforce_limits: true, proof_verification_mode: Real } tblock=Timestamp(1754395200) self=03234a6e8751476d9b5a5aadb449cdbf5aca2670ad6a77b4aa5875a7ecefd85a ref_state=3284f0fb03d949fb5ea90db14bfda0d7b6f25545d0976d240d0a928d20afca6b","diags":{"sampled":true,"span_id":"c37a59b0000000e9","trace_id":"b35b014b5705cf1003a13260874b5258"}}
indexer-1             | {"timestamp":"2026-08-24T15:53:08.467184+00:00","level":"INFO","target":"midnight_ledger_v9::semantics","file":"/usr/local/cargo/git/checkouts/midnight-ledger-b2f9c59d942dfdca/85e769a/ledger/src/semantics.rs","line":1343,"message":"apply; tx=TransactionHash(03234a6e8751476d9b5a5aadb449cdbf5aca2670ad6a77b4aa5875a7ecefd85a)","diags":{"sampled":true,"span_id":"c37a59b0000000e9","trace_id":"b35b014b5705cf1003a13260874b5258"}}
indexer-1             | {"timestamp":"2026-08-24T15:53:08.467188+00:00","level":"INFO","target":"midnight_ledger_v9::semantics","file":"/usr/local/cargo/git/checkouts/midnight-ledger-b2f9c59d942dfdca/85e769a/ledger/src/semantics.rs","line":1364,"message":"apply_guaranteed_only; tx=TransactionHash(03234a6e8751476d9b5a5aadb449cdbf5aca2670ad6a77b4aa5875a7ecefd85a)","diags":{"sampled":true,"span_id":"c37a59b0000000e9","trace_id":"b35b014b5705cf1003a13260874b5258"}}
indexer-1             | {"timestamp":"2026-08-24T15:53:08.469163+00:00","level":"INFO","target":"midnight_ledger_v9::verify","file":"/usr/local/cargo/git/checkouts/midnight-ledger-b2f9c59d942dfdca/85e769a/ledger/src/verify.rs","line":603,"message":"well_formed; strictness=WellFormedStrictness { enforce_balancing: false, verify_native_proofs: true, verify_contract_proofs: true, verify_signatures: true, enforce_limits: true, proof_verification_mode: Real } tblock=Timestamp(1754395200) self=8f965f67fd988b7c8c39f905f5f84dd4d76ce68002cae08a71138cf50b534aa7 ref_state=ad10d4376238d50be7ca8fe109b065d6ce6201747beb6f15e46adf7e0b228e10","diags":{"sampled":true,"span_id":"c37a59b0000000f3","trace_id":"b35b014b5705cf1003a13260874b5258"}}
indexer-1             | {"timestamp":"2026-08-24T15:53:08.469220+00:00","level":"INFO","target":"midnight_ledger_v9::semantics","file":"/usr/local/cargo/git/checkouts/midnight-ledger-b2f9c59d942dfdca/85e769a/ledger/src/semantics.rs","line":1343,"message":"apply; tx=TransactionHash(8f965f67fd988b7c8c39f905f5f84dd4d76ce68002cae08a71138cf50b534aa7)","diags":{"sampled":true,"span_id":"c37a59b0000000f3","trace_id":"b35b014b5705cf1003a13260874b5258"}}
indexer-1             | {"timestamp":"2026-08-24T15:53:08.469224+00:00","level":"INFO","target":"midnight_ledger_v9::semantics","file":"/usr/local/cargo/git/checkouts/midnight-ledger-b2f9c59d942dfdca/85e769a/ledger/src/semantics.rs","line":1364,"message":"apply_guaranteed_only; tx=TransactionHash(8f965f67fd988b7c8c39f905f5f84dd4d76ce68002cae08a71138cf50b534aa7)","diags":{"sampled":true,"span_id":"c37a59b0000000f3","trace_id":"b35b014b5705cf1003a13260874b5258"}}
indexer-1             | {"timestamp":"2026-08-24T15:53:08.471228+00:00","level":"INFO","target":"midnight_ledger_v9::verify","file":"/usr/local/cargo/git/checkouts/midnight-ledger-b2f9c59d942dfdca/85e769a/ledger/src/verify.rs","line":603,"message":"well_formed; strictness=WellFormedStrictness { enforce_balancing: false, verify_native_proofs: true, verify_contract_proofs: true, verify_signatures: true, enforce_limits: true, proof_verification_mode: Real } tblock=Timestamp(1754395200) self=1472aa53f8700abc9bf6d355ca2930078fe857c7cf766b4997975089c9210188 ref_state=4086bf96b60930995ac456111cfe8a3ae119059ff20b7ab9ee16223313814524","diags":{"sampled":true,"span_id":"c37a59b0000000fd","trace_id":"b35b014b5705cf1003a13260874b5258"}}
indexer-1             | {"timestamp":"2026-08-24T15:53:08.471286+00:00","level":"INFO","target":"midnight_ledger_v9::semantics","file":"/usr/local/cargo/git/checkouts/midnight-ledger-b2f9c59d942dfdca/85e769a/ledger/src/semantics.rs","line":1343,"message":"apply; tx=TransactionHash(1472aa53f8700abc9bf6d355ca2930078fe857c7cf766b4997975089c9210188)","diags":{"sampled":true,"span_id":"c37a59b0000000fd","trace_id":"b35b014b5705cf1003a13260874b5258"}}
indexer-1             | {"timestamp":"2026-08-24T15:53:08.471290+00:00","level":"INFO","target":"midnight_ledger_v9::semantics","file":"/usr/local/cargo/git/checkouts/midnight-ledger-b2f9c59d942dfdca/85e769a/ledger/src/semantics.rs","line":1364,"message":"apply_guaranteed_only; tx=TransactionHash(1472aa53f8700abc9bf6d355ca2930078fe857c7cf766b4997975089c9210188)","diags":{"sampled":true,"span_id":"c37a59b0000000fd","trace_id":"b35b014b5705cf1003a13260874b5258"}}
indexer-1             | {"timestamp":"2026-08-24T15:53:08.473295+00:00","level":"INFO","target":"midnight_ledger_v9::verify","file":"/usr/local/cargo/git/checkouts/midnight-ledger-b2f9c59d942dfdca/85e769a/ledger/src/verify.rs","line":603,"message":"well_formed; strictness=WellFormedStrictness { enforce_balancing: false, verify_native_proofs: true, verify_contract_proofs: true, verify_signatures: true, enforce_limits: true, proof_verification_mode: Real } tblock=Timestamp(1754395200) self=a8aba8bf18b7f09fb87bcf00b5caf2a0aff7e5b246c28ce31ffbedeb544d5d4a ref_state=29091543e0bfc5d228e936e0aeaa9c9370a3ec137f7ed92a865f4c1736ef1750","diags":{"sampled":true,"span_id":"c37a59b000000107","trace_id":"b35b014b5705cf1003a13260874b5258"}}
indexer-1             | {"timestamp":"2026-08-24T15:53:08.473353+00:00","level":"INFO","target":"midnight_ledger_v9::semantics","file":"/usr/local/cargo/git/checkouts/midnight-ledger-b2f9c59d942dfdca/85e769a/ledger/src/semantics.rs","line":1343,"message":"apply; tx=TransactionHash(a8aba8bf18b7f09fb87bcf00b5caf2a0aff7e5b246c28ce31ffbedeb544d5d4a)","diags":{"sampled":true,"span_id":"c37a59b000000107","trace_id":"b35b014b5705cf1003a13260874b5258"}}
indexer-1             | {"timestamp":"2026-08-24T15:53:08.473356+00:00","level":"INFO","target":"midnight_ledger_v9::semantics","file":"/usr/local/cargo/git/checkouts/midnight-ledger-b2f9c59d942dfdca/85e769a/ledger/src/semantics.rs","line":1364,"message":"apply_guaranteed_only; tx=TransactionHash(a8aba8bf18b7f09fb87bcf00b5caf2a0aff7e5b246c28ce31ffbedeb544d5d4a)","diags":{"sampled":true,"span_id":"c37a59b000000107","trace_id":"b35b014b5705cf1003a13260874b5258"}}
indexer-1             | {"timestamp":"2026-08-24T15:53:08.475346+00:00","level":"INFO","target":"midnight_ledger_v9::verify","file":"/usr/local/cargo/git/checkouts/midnight-ledger-b2f9c59d942dfdca/85e769a/ledger/src/verify.rs","line":603,"message":"well_formed; strictness=WellFormedStrictness { enforce_balancing: false, verify_native_proofs: true, verify_contract_proofs: true, verify_signatures: true, enforce_limits: true, proof_verification_mode: Real } tblock=Timestamp(1754395200) self=c33ee5cc684c1d76cf4c635226d362a340edd449b7fa456e2da387ac206eb2e8 ref_state=701f1a8669585db00bde0a45d2632949d5e8a70c034a75a26517505f1063cb54","diags":{"sampled":true,"span_id":"c37a59b000000111","trace_id":"b35b014b5705cf1003a13260874b5258"}}
indexer-1             | {"timestamp":"2026-08-24T15:53:08.475407+00:00","level":"INFO","target":"midnight_ledger_v9::semantics","file":"/usr/local/cargo/git/checkouts/midnight-ledger-b2f9c59d942dfdca/85e769a/ledger/src/semantics.rs","line":1343,"message":"apply; tx=TransactionHash(c33ee5cc684c1d76cf4c635226d362a340edd449b7fa456e2da387ac206eb2e8)","diags":{"sampled":true,"span_id":"c37a59b000000111","trace_id":"b35b014b5705cf1003a13260874b5258"}}
indexer-1             | {"timestamp":"2026-08-24T15:53:08.475410+00:00","level":"INFO","target":"midnight_ledger_v9::semantics","file":"/usr/local/cargo/git/checkouts/midnight-ledger-b2f9c59d942dfdca/85e769a/ledger/src/semantics.rs","line":1364,"message":"apply_guaranteed_only; tx=TransactionHash(c33ee5cc684c1d76cf4c635226d362a340edd449b7fa456e2da387ac206eb2e8)","diags":{"sampled":true,"span_id":"c37a59b000000111","trace_id":"b35b014b5705cf1003a13260874b5258"}}
indexer-1             | {"timestamp":"2026-08-24T15:53:08.477440+00:00","level":"INFO","target":"midnight_ledger_v9::verify","file":"/usr/local/cargo/git/checkouts/midnight-ledger-b2f9c59d942dfdca/85e769a/ledger/src/verify.rs","line":603,"message":"well_formed; strictness=WellFormedStrictness { enforce_balancing: false, verify_native_proofs: true, verify_contract_proofs: true, verify_signatures: true, enforce_limits: true, proof_verification_mode: Real } tblock=Timestamp(1754395200) self=5d74946d864e35b3da0e3f5008ff4d961802ded6f4b199d6291f0b833770794d ref_state=a314b4d6b4534c49613edbaebef4547d555849699e7d487a43cf92c3e6f999b2","diags":{"sampled":true,"span_id":"c37a59b00000011b","trace_id":"b35b014b5705cf1003a13260874b5258"}}
indexer-1             | {"timestamp":"2026-08-24T15:53:08.477498+00:00","level":"INFO","target":"midnight_ledger_v9::semantics","file":"/usr/local/cargo/git/checkouts/midnight-ledger-b2f9c59d942dfdca/85e769a/ledger/src/semantics.rs","line":1343,"message":"apply; tx=TransactionHash(5d74946d864e35b3da0e3f5008ff4d961802ded6f4b199d6291f0b833770794d)","diags":{"sampled":true,"span_id":"c37a59b00000011b","trace_id":"b35b014b5705cf1003a13260874b5258"}}
indexer-1             | {"timestamp":"2026-08-24T15:53:08.477502+00:00","level":"INFO","target":"midnight_ledger_v9::semantics","file":"/usr/local/cargo/git/checkouts/midnight-ledger-b2f9c59d942dfdca/85e769a/ledger/src/semantics.rs","line":1364,"message":"apply_guaranteed_only; tx=TransactionHash(5d74946d864e35b3da0e3f5008ff4d961802ded6f4b199d6291f0b833770794d)","diags":{"sampled":true,"span_id":"c37a59b00000011b","trace_id":"b35b014b5705cf1003a13260874b5258"}}
indexer-1             | {"timestamp":"2026-08-24T15:53:08.479512+00:00","level":"INFO","target":"midnight_ledger_v9::verify","file":"/usr/local/cargo/git/checkouts/midnight-ledger-b2f9c59d942dfdca/85e769a/ledger/src/verify.rs","line":603,"message":"well_formed; strictness=WellFormedStrictness { enforce_balancing: false, verify_native_proofs: true, verify_contract_proofs: true, verify_signatures: true, enforce_limits: true, proof_verification_mode: Real } tblock=Timestamp(1754395200) self=ee9b4d93a86cd0cfed10596d6dbfa58444123721863d0a46d616073a103ea895 ref_state=dce25c42e18ccf914fac7c9aa4d19e4665e88556fdcce3b28b39aa0154ea2f52","diags":{"sampled":true,"span_id":"c37a59b000000125","trace_id":"b35b014b5705cf1003a13260874b5258"}}
indexer-1             | {"timestamp":"2026-08-24T15:53:08.479579+00:00","level":"INFO","target":"midnight_ledger_v9::semantics","file":"/usr/local/cargo/git/checkouts/midnight-ledger-b2f9c59d942dfdca/85e769a/ledger/src/semantics.rs","line":1343,"message":"apply; tx=TransactionHash(ee9b4d93a86cd0cfed10596d6dbfa58444123721863d0a46d616073a103ea895)","diags":{"sampled":true,"span_id":"c37a59b000000125","trace_id":"b35b014b5705cf1003a13260874b5258"}}
indexer-1             | {"timestamp":"2026-08-24T15:53:08.479583+00:00","level":"INFO","target":"midnight_ledger_v9::semantics","file":"/usr/local/cargo/git/checkouts/midnight-ledger-b2f9c59d942dfdca/85e769a/ledger/src/semantics.rs","line":1364,"message":"apply_guaranteed_only; tx=TransactionHash(ee9b4d93a86cd0cfed10596d6dbfa58444123721863d0a46d616073a103ea895)","diags":{"sampled":true,"span_id":"c37a59b000000125","trace_id":"b35b014b5705cf1003a13260874b5258"}}
indexer-1             | {"timestamp":"2026-08-24T15:53:08.481665+00:00","level":"INFO","target":"midnight_ledger_v9::verify","file":"/usr/local/cargo/git/checkouts/midnight-ledger-b2f9c59d942dfdca/85e769a/ledger/src/verify.rs","line":603,"message":"well_formed; strictness=WellFormedStrictness { enforce_balancing: false, verify_native_proofs: true, verify_contract_proofs: true, verify_signatures: true, enforce_limits: true, proof_verification_mode: Real } tblock=Timestamp(1754395200) self=603844ec5325c858c28130f10a9e93b58fcfb290f59300d2c5b576ff7079a24a ref_state=fda0b65eed44098b933204addebcd364b2396da1802bc411bcb4a48e9d31b9c6","diags":{"sampled":true,"span_id":"c37a59b00000012f","trace_id":"b35b014b5705cf1003a13260874b5258"}}
indexer-1             | {"timestamp":"2026-08-24T15:53:08.481723+00:00","level":"INFO","target":"midnight_ledger_v9::semantics","file":"/usr/local/cargo/git/checkouts/midnight-ledger-b2f9c59d942dfdca/85e769a/ledger/src/semantics.rs","line":1343,"message":"apply; tx=TransactionHash(603844ec5325c858c28130f10a9e93b58fcfb290f59300d2c5b576ff7079a24a)","diags":{"sampled":true,"span_id":"c37a59b00000012f","trace_id":"b35b014b5705cf1003a13260874b5258"}}
indexer-1             | {"timestamp":"2026-08-24T15:53:08.481727+00:00","level":"INFO","target":"midnight_ledger_v9::semantics","file":"/usr/local/cargo/git/checkouts/midnight-ledger-b2f9c59d942dfdca/85e769a/ledger/src/semantics.rs","line":1364,"message":"apply_guaranteed_only; tx=TransactionHash(603844ec5325c858c28130f10a9e93b58fcfb290f59300d2c5b576ff7079a24a)","diags":{"sampled":true,"span_id":"c37a59b00000012f","trace_id":"b35b014b5705cf1003a13260874b5258"}}
indexer-1             | {"timestamp":"2026-08-24T15:53:08.483812+00:00","level":"INFO","target":"midnight_ledger_v9::semantics","file":"/usr/local/cargo/git/checkouts/midnight-ledger-b2f9c59d942dfdca/85e769a/ledger/src/semantics.rs","line":557,"message":"apply_system_tx; tblock=Timestamp(1754395200) tx=ceb21ee9c74a3dc4e7642e5e314b9a4d09897c95984044c70db0cd368ca9e23f","diags":{"sampled":true,"span_id":"c37a59b000000139","trace_id":"b35b014b5705cf1003a13260874b5258"}}
indexer-1             | {"timestamp":"2026-08-24T15:53:08.483916+00:00","level":"INFO","target":"midnight_ledger_v9::semantics","file":"/usr/local/cargo/git/checkouts/midnight-ledger-b2f9c59d942dfdca/85e769a/ledger/src/semantics.rs","line":1735,"message":"post_block_update; tblock=Timestamp(1754395200) detailed_block_fullness=NormalizedCost { read_time: FixedPoint(0.0274975), compute_time: FixedPoint(0.05561288402), block_usage: FixedPoint(0.145108), bytes_written: FixedPoint(0.17728), bytes_churned: FixedPoint(0.01227808) } overall_block_fullness=FixedPoint(0.17728)","diags":{"sampled":true,"span_id":"c37a59b000000005","trace_id":"b35b014b5705cf1003a13260874b5258"}}
indexer-1             | {"timestamp":"2026-08-24T15:53:08.483924+00:00","level":"INFO","target":"midnight_ledger_v9::semantics","file":"/usr/local/cargo/git/checkouts/midnight-ledger-b2f9c59d942dfdca/85e769a/ledger/src/semantics.rs","line":1663,"message":"prevalidate_post_block_update; detailed_block_fullness=NormalizedCost { read_time: FixedPoint(0.0274975), compute_time: FixedPoint(0.05561288402), block_usage: FixedPoint(0.145108), bytes_written: FixedPoint(0.17728), bytes_churned: FixedPoint(0.01227808) } overall_block_fullness=FixedPoint(0.17728)","diags":{"sampled":true,"span_id":"c37a59b000000005","trace_id":"b35b014b5705cf1003a13260874b5258"}}
indexer-1             | {"timestamp":"2026-08-24T15:53:08.483928+00:00","level":"INFO","target":"midnight_ledger_v9::semantics","file":"/usr/local/cargo/git/checkouts/midnight-ledger-b2f9c59d942dfdca/85e769a/ledger/src/semantics.rs","line":1692,"message":"apply_post_block_update; tblock=Timestamp(1754395200) detailed_block_fullness=NormalizedCost { read_time: FixedPoint(0.0274975), compute_time: FixedPoint(0.05561288402), block_usage: FixedPoint(0.145108), bytes_written: FixedPoint(0.17728), bytes_churned: FixedPoint(0.01227808) } overall_block_fullness=FixedPoint(0.17728)","diags":{"sampled":true,"span_id":"c37a59b000000005","trace_id":"b35b014b5705cf1003a13260874b5258"}}
indexer-1             | {"timestamp":"2026-08-24T15:53:08.488923+00:00","level":"DEBUG","target":"chain_indexer::application","file":"chain-indexer/src/application.rs","line":476,"message":"transactions applied to ledger state","kvs":{"transactions":"[System(SystemTransaction { hash: 7b8c0c8d…, protocol_version: V2_0(2000000), .. }), System(SystemTransaction { hash: fa010fff…, protocol_version: V2_0(2000000), .. }), System(SystemTransaction { hash: 6278b355…, protocol_version: V2_0(2000000), .. }), Regular(RegularTransaction { hash: 0d60ae23…, protocol_version: V2_0(2000000), paid_fees: 0, estimated_fees: 0, transaction_result: Success, zswap_start_index: 0, zswap_end_index: 28, dust_commitment_start_index: 0, dust_commitment_end_index: 0, dust_generation_start_index: 0, dust_generation_end_index: 0, .. }), Regular(RegularTransaction { hash: 4bfed194…, protocol_version: V2_0(2000000), paid_fees: 0, estimated_fees: 0, transaction_result: Success, zswap_start_index: 28, zswap_end_index: 28, dust_commitment_start_index: 0, dust_commitment_end_index: 1, dust_generation_start_index: 0, dust_generation_end_index: 1, .. }), Regular(RegularTransaction { hash: af07730d…, protocol_version: V2_0(2000000), paid_fees: 0, estimated_fees: 0, transaction_result: Success, zswap_start_index: 28, zswap_end_index: 28, dust_commitment_start_index: 1, dust_commitment_end_index: 2, dust_generation_start_index: 1, dust_generation_end_index: 2, .. }), Regular(RegularTransaction { hash: a882ae5d…, protocol_version: V2_0(2000000), paid_fees: 0, estimated_fees: 0, transaction_result: Success, zswap_start_index: 28, zswap_end_index: 28, dust_commitment_start_index: 2, dust_commitment_end_index: 3, dust_generation_start_index: 2, dust_generation_end_index: 3, .. }), Regular(RegularTransaction { hash: f802eef0…, protocol_version: V2_0(2000000), paid_fees: 0, estimated_fees: 0, transaction_result: Success, zswap_start_index: 28, zswap_end_index: 28, dust_commitment_start_index: 3, dust_commitment_end_index: 4, dust_generation_start_index: 3, dust_generation_end_index: 4, .. }), Regular(RegularTransaction { hash: 11f5c775…, protocol_version: V2_0(2000000), paid_fees: 0, estimated_fees: 0, transaction_result: Success, zswap_start_index: 28, zswap_end_index: 28, dust_commitment_start_index: 4, dust_commitment_end_index: 5, dust_generation_start_index: 4, dust_generation_end_index: 5, .. }), Regular(RegularTransaction { hash: 6daeddd5…, protocol_version: V2_0(2000000), paid_fees: 0, estimated_fees: 0, transaction_result: Success, zswap_start_index: 28, zswap_end_index: 28, dust_commitment_start_index: 5, dust_commitment_end_index: 6, dust_generation_start_index: 5, dust_generation_end_index: 6, .. }), Regular(RegularTransaction { hash: 8086272a…, protocol_version: V2_0(2000000), paid_fees: 0, estimated_fees: 0, transaction_result: Success, zswap_start_index: 28, zswap_end_index: 28, dust_commitment_start_index: 6, dust_commitment_end_index: 7, dust_generation_start_index: 6, dust_generation_end_index: 7, .. }), Regular(RegularTransaction { hash: 89f4a5b1…, protocol_version: V2_0(2000000), paid_fees: 0, estimated_fees: 0, transaction_result: Success, zswap_start_index: 28, zswap_end_index: 28, dust_commitment_start_index: 7, dust_commitment_end_index: 8, dust_generation_start_index: 7, dust_generation_end_index: 8, .. }), Regular(RegularTransaction { hash: 60218985…, protocol_version: V2_0(2000000), paid_fees: 0, estimated_fees: 0, transaction_result: Success, zswap_start_index: 28, zswap_end_index: 28, dust_commitment_start_index: 8, dust_commitment_end_index: 9, dust_generation_start_index: 8, dust_generation_end_index: 9, .. }), Regular(RegularTransaction { hash: 265e75a5…, protocol_version: V2_0(2000000), paid_fees: 0, estimated_fees: 0, transaction_result: Success, zswap_start_index: 28, zswap_end_index: 28, dust_commitment_start_index: 9, dust_commitment_end_index: 10, dust_generation_start_index: 9, dust_generation_end_index: 10, .. }), Regular(RegularTransaction { hash: 2fc30b34…, protocol_version: V2_0(2000000), paid_fees: 0, estimated_fees: 0, transaction_result: Success, zswap_start_index: 28, zswap_end_index: 28, dust_commitment_start_index: 10, dust_commitment_end_index: 11, dust_generation_start_index: 10, dust_generation_end_index: 11, .. }), Regular(RegularTransaction { hash: 66245c74…, protocol_version: V2_0(2000000), paid_fees: 0, estimated_fees: 0, transaction_result: Success, zswap_start_index: 28, zswap_end_index: 28, dust_commitment_start_index: 11, dust_commitment_end_index: 12, dust_generation_start_index: 11, dust_generation_end_index: 12, .. }), Regular(RegularTransaction { hash: 03234a6e…, protocol_version: V2_0(2000000), paid_fees: 0, estimated_fees: 0, transaction_result: Success, zswap_start_index: 28, zswap_end_index: 28, dust_commitment_start_index: 12, dust_commitment_end_index: 13, dust_generation_start_index: 12, dust_generation_end_index: 13, .. }), Regular(RegularTransaction { hash: 8f965f67…, protocol_version: V2_0(2000000), paid_fees: 0, estimated_fees: 0, transaction_result: Success, zswap_start_index: 28, zswap_end_index: 28, dust_commitment_start_index: 13, dust_commitment_end_index: 14, dust_generation_start_index: 13, dust_generation_end_index: 14, .. }), Regular(RegularTransaction { hash: 1472aa53…, protocol_version: V2_0(2000000), paid_fees: 0, estimated_fees: 0, transaction_result: Success, zswap_start_index: 28, zswap_end_index: 28, dust_commitment_start_index: 14, dust_commitment_end_index: 15, dust_generation_start_index: 14, dust_generation_end_index: 15, .. }), Regular(RegularTransaction { hash: a8aba8bf…, protocol_version: V2_0(2000000), paid_fees: 0, estimated_fees: 0, transaction_result: Success, zswap_start_index: 28, zswap_end_index: 28, dust_commitment_start_index: 15, dust_commitment_end_index: 16, dust_generation_start_index: 15, dust_generation_end_index: 16, .. }), Regular(RegularTransaction { hash: c33ee5cc…, protocol_version: V2_0(2000000), paid_fees: 0, estimated_fees: 0, transaction_result: Success, zswap_start_index: 28, zswap_end_index: 28, dust_commitment_start_index: 16, dust_commitment_end_index: 17, dust_generation_start_index: 16, dust_generation_end_index: 17, .. }), Regular(RegularTransaction { hash: 5d74946d…, protocol_version: V2_0(2000000), paid_fees: 0, estimated_fees: 0, transaction_result: Success, zswap_start_index: 28, zswap_end_index: 28, dust_commitment_start_index: 17, dust_commitment_end_index: 18, dust_generation_start_index: 17, dust_generation_end_index: 18, .. }), Regular(RegularTransaction { hash: ee9b4d93…, protocol_version: V2_0(2000000), paid_fees: 0, estimated_fees: 0, transaction_result: Success, zswap_start_index: 28, zswap_end_index: 28, dust_commitment_start_index: 18, dust_commitment_end_index: 19, dust_generation_start_index: 18, dust_generation_end_index: 19, .. }), Regular(RegularTransaction { hash: 603844ec…, protocol_version: V2_0(2000000), paid_fees: 0, estimated_fees: 0, transaction_result: Success, zswap_start_index: 28, zswap_end_index: 28, dust_commitment_start_index: 19, dust_commitment_end_index: 20, dust_generation_start_index: 19, dust_generation_end_index: 20, .. }), System(SystemTransaction { hash: ceb21ee9…, protocol_version: V2_0(2000000), .. })]"},"diags":{"sampled":true,"span_id":"ed08a1cd00000062","trace_id":"b35b014b5705cf1003a13260874b5258"}}
indexer-1             | {"timestamp":"2026-08-24T15:53:08.489017+00:00","level":"INFO","target":"chain_indexer::application","file":"chain-indexer/src/application.rs","line":533,"message":"caught-up status changed","kvs":{"caught_up":"true"},"diags":{"sampled":true,"span_id":"ed08a1cd00000062","trace_id":"b35b014b5705cf1003a13260874b5258"}}
indexer-1             | {"timestamp":"2026-08-24T15:53:08.534145+00:00","level":"DEBUG","target":"chain_indexer::application","file":"chain-indexer/src/application.rs","line":682,"message":"system parameters changed","kvs":{"block_height":0,"d_param_changed":true,"tc_changed":true},"diags":{"sampled":true,"span_id":"c37a59b000000147","trace_id":"b35b014b5705cf1003a13260874b5258"}}
indexer-1             | {"timestamp":"2026-08-24T15:53:08.535796+00:00","level":"DEBUG","target":"chain_indexer::infra::storage","file":"chain-indexer/src/infra/storage.rs","line":604,"message":"saving created unshielded UTXOs","kvs":{"transaction_id":5,"utxos":"[UnshieldedUtxo { owner: bc610dd0…, token_type: 00000000…, value: 50000000000000, intent_hash: 25fe03f8…, output_index: 0, ctime: Some(1754395200), initial_nonce: adf6979e…, registered_for_dust_generation: true }]"},"diags":{"sampled":true,"span_id":"ed08a1cd00000073","trace_id":"b35b014b5705cf1003a13260874b5258"}}
indexer-1             | {"timestamp":"2026-08-24T15:53:08.536134+00:00","level":"DEBUG","target":"chain_indexer::infra::storage","file":"chain-indexer/src/infra/storage.rs","line":604,"message":"saving created unshielded UTXOs","kvs":{"transaction_id":6,"utxos":"[UnshieldedUtxo { owner: bc610dd0…, token_type: 00000000…, value: 50000000000000, intent_hash: 60a18d41…, output_index: 0, ctime: Some(1754395200), initial_nonce: 10ba5181…, registered_for_dust_generation: true }]"},"diags":{"sampled":true,"span_id":"c48261d800000016","trace_id":"b35b014b5705cf1003a13260874b5258"}}
indexer-1             | {"timestamp":"2026-08-24T15:53:08.536354+00:00","level":"DEBUG","target":"chain_indexer::infra::storage","file":"chain-indexer/src/infra/storage.rs","line":604,"message":"saving created unshielded UTXOs","kvs":{"transaction_id":7,"utxos":"[UnshieldedUtxo { owner: bc610dd0…, token_type: 00000000…, value: 50000000000000, intent_hash: f66718af…, output_index: 0, ctime: Some(1754395200), initial_nonce: 35c11fc0…, registered_for_dust_generation: true }]"},"diags":{"sampled":true,"span_id":"c48261d800000020","trace_id":"b35b014b5705cf1003a13260874b5258"}}
indexer-1             | {"timestamp":"2026-08-24T15:53:08.536610+00:00","level":"DEBUG","target":"chain_indexer::infra::storage","file":"chain-indexer/src/infra/storage.rs","line":604,"message":"saving created unshielded UTXOs","kvs":{"transaction_id":8,"utxos":"[UnshieldedUtxo { owner: bc610dd0…, token_type: 00000000…, value: 50000000000000, intent_hash: 712928a3…, output_index: 0, ctime: Some(1754395200), initial_nonce: 15b3234d…, registered_for_dust_generation: true }]"},"diags":{"sampled":true,"span_id":"c48261d80000002a","trace_id":"b35b014b5705cf1003a13260874b5258"}}
indexer-1             | {"timestamp":"2026-08-24T15:53:08.536834+00:00","level":"DEBUG","target":"chain_indexer::infra::storage","file":"chain-indexer/src/infra/storage.rs","line":604,"message":"saving created unshielded UTXOs","kvs":{"transaction_id":9,"utxos":"[UnshieldedUtxo { owner: bc610dd0…, token_type: 00000000…, value: 50000000000000, intent_hash: 8333a6a6…, output_index: 0, ctime: Some(1754395200), initial_nonce: adde850d…, registered_for_dust_generation: true }]"},"diags":{"sampled":true,"span_id":"ed08a1cd0000007e","trace_id":"b35b014b5705cf1003a13260874b5258"}}
indexer-1             | {"timestamp":"2026-08-24T15:53:08.537074+00:00","level":"DEBUG","target":"chain_indexer::infra::storage","file":"chain-indexer/src/infra/storage.rs","line":604,"message":"saving created unshielded UTXOs","kvs":{"transaction_id":10,"utxos":"[UnshieldedUtxo { owner: 45bb01c4…, token_type: 00000000…, value: 50000000000000, intent_hash: 28cdf31b…, output_index: 0, ctime: Some(1754395200), initial_nonce: 61bf6b1f…, registered_for_dust_generation: true }]"},"diags":{"sampled":true,"span_id":"ed08a1cd00000083","trace_id":"b35b014b5705cf1003a13260874b5258"}}
indexer-1             | {"timestamp":"2026-08-24T15:53:08.537247+00:00","level":"DEBUG","target":"chain_indexer::infra::storage","file":"chain-indexer/src/infra/storage.rs","line":604,"message":"saving created unshielded UTXOs","kvs":{"transaction_id":11,"utxos":"[UnshieldedUtxo { owner: 45bb01c4…, token_type: 00000000…, value: 50000000000000, intent_hash: 1691d1e4…, output_index: 0, ctime: Some(1754395200), initial_nonce: 545e957f…, registered_for_dust_generation: true }]"},"diags":{"sampled":true,"span_id":"ed08a1cd0000008d","trace_id":"b35b014b5705cf1003a13260874b5258"}}
indexer-1             | {"timestamp":"2026-08-24T15:53:08.537425+00:00","level":"DEBUG","target":"chain_indexer::infra::storage","file":"chain-indexer/src/infra/storage.rs","line":604,"message":"saving created unshielded UTXOs","kvs":{"transaction_id":12,"utxos":"[UnshieldedUtxo { owner: 45bb01c4…, token_type: 00000000…, value: 50000000000000, intent_hash: 272871f2…, output_index: 0, ctime: Some(1754395200), initial_nonce: af0515e7…, registered_for_dust_generation: true }]"},"diags":{"sampled":true,"span_id":"ed08a1cd00000095","trace_id":"b35b014b5705cf1003a13260874b5258"}}
indexer-1             | {"timestamp":"2026-08-24T15:53:08.537623+00:00","level":"DEBUG","target":"chain_indexer::infra::storage","file":"chain-indexer/src/infra/storage.rs","line":604,"message":"saving created unshielded UTXOs","kvs":{"transaction_id":13,"utxos":"[UnshieldedUtxo { owner: 45bb01c4…, token_type: 00000000…, value: 50000000000000, intent_hash: 23b8e78e…, output_index: 0, ctime: Some(1754395200), initial_nonce: e6574d7e…, registered_for_dust_generation: true }]"},"diags":{"sampled":true,"span_id":"ed08a1cd0000009f","trace_id":"b35b014b5705cf1003a13260874b5258"}}
indexer-1             | {"timestamp":"2026-08-24T15:53:08.537789+00:00","level":"DEBUG","target":"chain_indexer::infra::storage","file":"chain-indexer/src/infra/storage.rs","line":604,"message":"saving created unshielded UTXOs","kvs":{"transaction_id":14,"utxos":"[UnshieldedUtxo { owner: 45bb01c4…, token_type: 00000000…, value: 50000000000000, intent_hash: cd32f98c…, output_index: 0, ctime: Some(1754395200), initial_nonce: 97945f8a…, registered_for_dust_generation: true }]"},"diags":{"sampled":true,"span_id":"ed08a1cd000000a9","trace_id":"b35b014b5705cf1003a13260874b5258"}}
indexer-1             | {"timestamp":"2026-08-24T15:53:08.537920+00:00","level":"DEBUG","target":"chain_indexer::infra::storage","file":"chain-indexer/src/infra/storage.rs","line":604,"message":"saving created unshielded UTXOs","kvs":{"transaction_id":15,"utxos":"[UnshieldedUtxo { owner: 416638ed…, token_type: 00000000…, value: 50000000000000, intent_hash: 2d40db23…, output_index: 0, ctime: Some(1754395200), initial_nonce: 6b6dde72…, registered_for_dust_generation: true }]"},"diags":{"sampled":true,"span_id":"ed08a1cd000000b0","trace_id":"b35b014b5705cf1003a13260874b5258"}}
indexer-1             | {"timestamp":"2026-08-24T15:53:08.538069+00:00","level":"DEBUG","target":"chain_indexer::infra::storage","file":"chain-indexer/src/infra/storage.rs","line":604,"message":"saving created unshielded UTXOs","kvs":{"transaction_id":16,"utxos":"[UnshieldedUtxo { owner: 416638ed…, token_type: 00000000…, value: 50000000000000, intent_hash: 0a5d29f3…, output_index: 0, ctime: Some(1754395200), initial_nonce: 1cdcf4f2…, registered_for_dust_generation: true }]"},"diags":{"sampled":true,"span_id":"c48261d800000039","trace_id":"b35b014b5705cf1003a13260874b5258"}}
indexer-1             | {"timestamp":"2026-08-24T15:53:08.538243+00:00","level":"DEBUG","target":"chain_indexer::infra::storage","file":"chain-indexer/src/infra/storage.rs","line":604,"message":"saving created unshielded UTXOs","kvs":{"transaction_id":17,"utxos":"[UnshieldedUtxo { owner: 416638ed…, token_type: 00000000…, value: 50000000000000, intent_hash: f3b71530…, output_index: 0, ctime: Some(1754395200), initial_nonce: fdf3f7fe…, registered_for_dust_generation: true }]"},"diags":{"sampled":true,"span_id":"c48261d800000042","trace_id":"b35b014b5705cf1003a13260874b5258"}}
indexer-1             | {"timestamp":"2026-08-24T15:53:08.538372+00:00","level":"DEBUG","target":"chain_indexer::infra::storage","file":"chain-indexer/src/infra/storage.rs","line":604,"message":"saving created unshielded UTXOs","kvs":{"transaction_id":18,"utxos":"[UnshieldedUtxo { owner: 416638ed…, token_type: 00000000…, value: 50000000000000, intent_hash: 2ffc5c98…, output_index: 0, ctime: Some(1754395200), initial_nonce: e84a4ef0…, registered_for_dust_generation: true }]"},"diags":{"sampled":true,"span_id":"c48261d80000004c","trace_id":"b35b014b5705cf1003a13260874b5258"}}
indexer-1             | {"timestamp":"2026-08-24T15:53:08.538505+00:00","level":"DEBUG","target":"chain_indexer::infra::storage","file":"chain-indexer/src/infra/storage.rs","line":604,"message":"saving created unshielded UTXOs","kvs":{"transaction_id":19,"utxos":"[UnshieldedUtxo { owner: 416638ed…, token_type: 00000000…, value: 50000000000000, intent_hash: 2ccf2fd6…, output_index: 0, ctime: Some(1754395200), initial_nonce: ea44d973…, registered_for_dust_generation: true }]"},"diags":{"sampled":true,"span_id":"ed08a1cd000000c0","trace_id":"b35b014b5705cf1003a13260874b5258"}}
indexer-1             | {"timestamp":"2026-08-24T15:53:08.538627+00:00","level":"DEBUG","target":"chain_indexer::infra::storage","file":"chain-indexer/src/infra/storage.rs","line":604,"message":"saving created unshielded UTXOs","kvs":{"transaction_id":20,"utxos":"[UnshieldedUtxo { owner: 982edeaf…, token_type: 00000000…, value: 50000000000000, intent_hash: db90496f…, output_index: 0, ctime: Some(1754395200), initial_nonce: c7d93644…, registered_for_dust_generation: true }]"},"diags":{"sampled":true,"span_id":"ed08a1cd000000ca","trace_id":"b35b014b5705cf1003a13260874b5258"}}
indexer-1             | {"timestamp":"2026-08-24T15:53:08.538741+00:00","level":"DEBUG","target":"chain_indexer::infra::storage","file":"chain-indexer/src/infra/storage.rs","line":604,"message":"saving created unshielded UTXOs","kvs":{"transaction_id":21,"utxos":"[UnshieldedUtxo { owner: 982edeaf…, token_type: 00000000…, value: 50000000000000, intent_hash: e96ed021…, output_index: 0, ctime: Some(1754395200), initial_nonce: 2063d0b4…, registered_for_dust_generation: true }]"},"diags":{"sampled":true,"span_id":"ed08a1cd000000d4","trace_id":"b35b014b5705cf1003a13260874b5258"}}
indexer-1             | {"timestamp":"2026-08-24T15:53:08.538970+00:00","level":"DEBUG","target":"chain_indexer::infra::storage","file":"chain-indexer/src/infra/storage.rs","line":604,"message":"saving created unshielded UTXOs","kvs":{"transaction_id":22,"utxos":"[UnshieldedUtxo { owner: 982edeaf…, token_type: 00000000…, value: 50000000000000, intent_hash: 3deae0be…, output_index: 0, ctime: Some(1754395200), initial_nonce: c21a0979…, registered_for_dust_generation: true }]"},"diags":{"sampled":true,"span_id":"c48261d800000054","trace_id":"b35b014b5705cf1003a13260874b5258"}}
indexer-1             | {"timestamp":"2026-08-24T15:53:08.539141+00:00","level":"DEBUG","target":"chain_indexer::infra::storage","file":"chain-indexer/src/infra/storage.rs","line":604,"message":"saving created unshielded UTXOs","kvs":{"transaction_id":23,"utxos":"[UnshieldedUtxo { owner: 982edeaf…, token_type: 00000000…, value: 50000000000000, intent_hash: 636fcccc…, output_index: 0, ctime: Some(1754395200), initial_nonce: 4fbd208f…, registered_for_dust_generation: true }]"},"diags":{"sampled":true,"span_id":"ed08a1cd000000e0","trace_id":"b35b014b5705cf1003a13260874b5258"}}
indexer-1             | {"timestamp":"2026-08-24T15:53:08.539276+00:00","level":"DEBUG","target":"chain_indexer::infra::storage","file":"chain-indexer/src/infra/storage.rs","line":604,"message":"saving created unshielded UTXOs","kvs":{"transaction_id":24,"utxos":"[UnshieldedUtxo { owner: 982edeaf…, token_type: 00000000…, value: 50000000000000, intent_hash: 8beaee89…, output_index: 0, ctime: Some(1754395200), initial_nonce: c9f41ee6…, registered_for_dust_generation: true }]"},"diags":{"sampled":true,"span_id":"ed08a1cd000000ea","trace_id":"b35b014b5705cf1003a13260874b5258"}}
indexer-1             | {"timestamp":"2026-08-24T15:53:08.541488+00:00","level":"INFO","target":"chain_indexer::application","file":"chain-indexer/src/application.rs","line":604,"message":"block indexed","kvs":{"caught_up":true,"distance":0,"hash":"bbb72bbbb3f32d2f2ffe1194d09c301ae167a804eda089c433cb76a4ac4e6cbb","height":0,"parent_hash":"0000000000000000000000000000000000000000000000000000000000000000","protocol_version":"V2_0(2000000)"},"diags":{"sampled":true,"span_id":"ed08a1cd00000062","trace_id":"b35b014b5705cf1003a13260874b5258"}}
indexer-1             | {"timestamp":"2026-08-24T15:53:08.541502+00:00","level":"DEBUG","target":"indexer_api::application","file":"indexer-api/src/application.rs","line":45,"message":"received block indexed event","kvs":{"caught_up":true}}
